{"_type":"org.uengine.modeling.model.Model","boundedContexts":[{"_type":"org.uengine.modeling.model.BoundedContext","name":"bookinfo","namePlural":"","aggregates":[{"_type":"org.uengine.modeling.model.Aggregate","name":"BookInfo","namePlural":"bookInfos","namePascalCase":"BookInfo","nameCamelCase":"bookInfo","alertURL":"/static/image/symbol/alert-icon.png","elementView":{"_type":"org.uengine.modeling.model.Aggregate","id":"74312a2f-ca6f-059f-737d-b080338ef26d","x":468,"y":688,"width":168,"height":192,"style":"{}"},"boundedContext":{"id":"c1a7ee12-e7f3-1012-b20c-c26f701fe281","name":"bookinfo"},"aggregateRoot":{"_type":"org.uengine.modeling.model.AggregateRoot","fieldDescriptors":[{"_type":"org.uengine.model.FieldDescriptor","name":"id","className":"Long","nameCamelCase":"id","namePascalCase":"Id","isKey":true},{"_type":"org.uengine.model.FieldDescriptor","name":"BookId","namePascalCase":"BookId","nameCamelCase":"bookId","className":"String","isKey":false},{"_type":"org.uengine.model.FieldDescriptor","name":"BookName","namePascalCase":"BookName","nameCamelCase":"bookName","className":"String","isKey":false}],"keyFieldDescriptor":{"_type":"org.uengine.model.FieldDescriptor","name":"id","className":"Long","nameCamelCase":"id","namePascalCase":"Id","isKey":true}},"events":[{"_type":"org.uengine.modeling.model.Event","name":"BookRegistered","namePascalCase":"BookRegistered","nameCamelCase":"bookRegistered","namePlural":"bookRegistereds","aggregate":{"id":"74312a2f-ca6f-059f-737d-b080338ef26d","name":"BookInfo","namePlural":"bookInfos","namePascalCase":"BookInfo","nameCamelCase":"bookInfo","boundedContext":{"id":"c1a7ee12-e7f3-1012-b20c-c26f701fe281","name":"bookinfo"},"fieldDescriptors":[{"_type":"org.uengine.model.FieldDescriptor","name":"id","className":"Long","nameCamelCase":"id","namePascalCase":"Id","isKey":true},{"_type":"org.uengine.model.FieldDescriptor","name":"BookId","namePascalCase":"BookId","nameCamelCase":"bookId","className":"String","isKey":false},{"_type":"org.uengine.model.FieldDescriptor","name":"BookName","namePascalCase":"BookName","nameCamelCase":"bookName","className":"String","isKey":false}]},"boundedContext":{"id":"c1a7ee12-e7f3-1012-b20c-c26f701fe281","name":"bookinfo"},"fieldDescriptors":[{"_type":"org.uengine.model.FieldDescriptor","name":"id","className":"Long","nameCamelCase":"id","namePascalCase":"Id","isKey":true}],"elementView":{"_type":"org.uengine.modeling.model.Event","id":"531e087a-0aae-0ad3-2854-86f4a1b3f3c3","x":557,"y":643,"width":150,"height":66,"style":"{}","angle":0},"alertURL":"/static/image/symbol/alert-icon.png","checkAlert":true,"relationPolicyInfo":[],"relationCommandInfo":[],"trigger":"@PrePersist","editing":false},{"_type":"org.uengine.modeling.model.Event","name":"BookDeleted","namePascalCase":"BookDeleted","nameCamelCase":"bookDeleted","namePlural":"bookDeleteds","aggregate":{"id":"74312a2f-ca6f-059f-737d-b080338ef26d","name":"BookInfo","namePlural":"bookInfos","namePascalCase":"BookInfo","nameCamelCase":"bookInfo","boundedContext":{"id":"c1a7ee12-e7f3-1012-b20c-c26f701fe281","name":"bookinfo"},"fieldDescriptors":[{"_type":"org.uengine.model.FieldDescriptor","name":"id","className":"Long","nameCamelCase":"id","namePascalCase":"Id","isKey":true},{"_type":"org.uengine.model.FieldDescriptor","name":"BookId","namePascalCase":"BookId","nameCamelCase":"bookId","className":"String","isKey":false},{"_type":"org.uengine.model.FieldDescriptor","name":"BookName","namePascalCase":"BookName","nameCamelCase":"bookName","className":"String","isKey":false}]},"boundedContext":{"id":"c1a7ee12-e7f3-1012-b20c-c26f701fe281","name":"bookinfo"},"fieldDescriptors":[{"_type":"org.uengine.model.FieldDescriptor","name":"id","className":"Long","nameCamelCase":"id","namePascalCase":"Id","isKey":true}],"elementView":{"_type":"org.uengine.modeling.model.Event","id":"b346e8a0-7bc5-19f3-171d-55a3be75e951","x":558,"y":785,"width":148,"height":62,"style":"{}","angle":0},"alertURL":"/static/image/symbol/alert-icon.png","checkAlert":true,"relationPolicyInfo":[],"relationCommandInfo":[],"trigger":"@PrePersist","editing":false}],"commands":[]}],"policies":[],"viewes":[],"elementView":{"_type":"org.uengine.modeling.model.BoundedContext","id":"c1a7ee12-e7f3-1012-b20c-c26f701fe281","x":428,"y":688,"width":568,"height":322,"style":"{}"},"portGenerated":8081,"groups":["74312a2f-ca6f-059f-737d-b080338ef26d","531e087a-0aae-0ad3-2854-86f4a1b3f3c3","b346e8a0-7bc5-19f3-171d-55a3be75e951"],"tempId":"","selected":false,"namePascalCase":"Bookinfo"},{"_type":"org.uengine.modeling.model.BoundedContext","name":"rental","namePlural":"","aggregates":[{"_type":"org.uengine.modeling.model.Aggregate","name":"RentalManagement","namePlural":"rentalManagements","namePascalCase":"RentalManagement","nameCamelCase":"rentalManagement","alertURL":"/static/image/symbol/alert-icon.png","elementView":{"_type":"org.uengine.modeling.model.Aggregate","id":"15fbc433-eae8-84c0-0451-1acff8d2cf4a","x":462,"y":254,"width":156,"height":166,"style":"{}"},"boundedContext":{"id":"7922b649-d65a-9961-92cd-5e76824514cd","name":"rental"},"aggregateRoot":{"_type":"org.uengine.modeling.model.AggregateRoot","fieldDescriptors":[{"_type":"org.uengine.model.FieldDescriptor","name":"id","className":"Long","nameCamelCase":"id","namePascalCase":"Id","isKey":true},{"_type":"org.uengine.model.FieldDescriptor","name":"CustomerId","namePascalCase":"CustomerId","nameCamelCase":"customerId","className":"Long","isKey":false},{"_type":"org.uengine.model.FieldDescriptor","name":"CustomerName","namePascalCase":"CustomerName","nameCamelCase":"customerName","className":"String","isKey":false},{"_type":"org.uengine.model.FieldDescriptor","name":"BookId","namePascalCase":"BookId","nameCamelCase":"bookId","className":"Long","isKey":false},{"_type":"org.uengine.model.FieldDescriptor","name":"Address","namePascalCase":"Address","nameCamelCase":"address","className":"String","isKey":false},{"_type":"org.uengine.model.FieldDescriptor","name":"RentalId","namePascalCase":"RentalId","nameCamelCase":"rentalId","className":"String","isKey":false}],"keyFieldDescriptor":{"_type":"org.uengine.model.FieldDescriptor","name":"id","className":"Long","nameCamelCase":"id","namePascalCase":"Id","isKey":true}},"events":[{"_type":"org.uengine.modeling.model.Event","name":"RentalOrdered","namePascalCase":"RentalOrdered","nameCamelCase":"rentalOrdered","namePlural":"rentalOrdereds","aggregate":{"id":"15fbc433-eae8-84c0-0451-1acff8d2cf4a","name":"RentalManagement","namePlural":"rentalManagements","namePascalCase":"RentalManagement","nameCamelCase":"rentalManagement","boundedContext":{"id":"7922b649-d65a-9961-92cd-5e76824514cd","name":"rental"},"fieldDescriptors":[{"_type":"org.uengine.model.FieldDescriptor","name":"id","className":"Long","nameCamelCase":"id","namePascalCase":"Id","isKey":true},{"_type":"org.uengine.model.FieldDescriptor","name":"CustomerId","namePascalCase":"CustomerId","nameCamelCase":"customerId","className":"Long","isKey":false},{"_type":"org.uengine.model.FieldDescriptor","name":"CustomerName","namePascalCase":"CustomerName","nameCamelCase":"customerName","className":"String","isKey":false},{"_type":"org.uengine.model.FieldDescriptor","name":"BookId","namePascalCase":"BookId","nameCamelCase":"bookId","className":"Long","isKey":false},{"_type":"org.uengine.model.FieldDescriptor","name":"Address","namePascalCase":"Address","nameCamelCase":"address","className":"String","isKey":false},{"_type":"org.uengine.model.FieldDescriptor","name":"RentalId","namePascalCase":"RentalId","nameCamelCase":"rentalId","className":"String","isKey":false}]},"boundedContext":{"id":"7922b649-d65a-9961-92cd-5e76824514cd","name":"rental"},"fieldDescriptors":[{"_type":"org.uengine.model.FieldDescriptor","name":"id","className":"Long","nameCamelCase":"id","namePascalCase":"Id","isKey":true},{"_type":"org.uengine.model.FieldDescriptor","name":"CustomerId","namePascalCase":"CustomerId","nameCamelCase":"customerId","className":"Long","isKey":false},{"_type":"org.uengine.model.FieldDescriptor","name":"CustomerName","namePascalCase":"CustomerName","nameCamelCase":"customerName","className":"String","isKey":false},{"_type":"org.uengine.model.FieldDescriptor","name":"BookId","namePascalCase":"BookId","nameCamelCase":"bookId","className":"Long","isKey":false},{"_type":"org.uengine.model.FieldDescriptor","name":"Address","namePascalCase":"Address","nameCamelCase":"address","className":"String","isKey":false},{"_type":"org.uengine.model.FieldDescriptor","name":"RentalId","namePascalCase":"RentalId","nameCamelCase":"rentalId","className":"String","isKey":false}],"elementView":{"_type":"org.uengine.modeling.model.Event","id":"7202e3e8-ef8b-e25c-72c2-07a3bc76ffc1","x":589,"y":252,"width":154,"height":66,"style":"{}","angle":0},"alertURL":"/static/image/symbol/alert-icon.png","checkAlert":true,"relationPolicyInfo":[],"relationCommandInfo":[{"relationId":"9d247706-da85-f7bf-fb09-717cdd52ea38","commandValue":{"_type":"org.uengine.modeling.model.Command","name":"Delivery start","namePlural":"deliveryStarts","namePascalCase":"DeliveryStart","nameCamelCase":"deliveryStart","aggregate":{},"boundedContext":{"id":"f46d3497-8453-56a9-7f34-deb811585860","name":"delivery"},"alertURL":"/static/image/symbol/alert-icon.png","elementView":{"_type":"org.uengine.modeling.model.Command","id":"779303d5-c1fe-dec0-f332-3fb66ba62054","x":1046,"y":203,"width":124,"height":74,"style":"{}","z-index":999},"isRestRepository":false,"controllerInfo":{"apiPath":"","method":"GET"},"restRepositoryInfo":{"method":"GET"},"relationEventInfo":[],"editing":false}}],"trigger":"@PrePersist","editing":false},{"_type":"org.uengine.modeling.model.Event","name":"RentalCanceled","namePascalCase":"RentalCanceled","nameCamelCase":"rentalCanceled","namePlural":"rentalCanceleds","aggregate":{"id":"15fbc433-eae8-84c0-0451-1acff8d2cf4a","name":"RentalManagement","namePlural":"rentalManagements","namePascalCase":"RentalManagement","nameCamelCase":"rentalManagement","boundedContext":{"id":"7922b649-d65a-9961-92cd-5e76824514cd","name":"rental"},"fieldDescriptors":[{"_type":"org.uengine.model.FieldDescriptor","name":"id","className":"Long","nameCamelCase":"id","namePascalCase":"Id","isKey":true},{"_type":"org.uengine.model.FieldDescriptor","name":"CustomerId","namePascalCase":"CustomerId","nameCamelCase":"customerId","className":"Long","isKey":false},{"_type":"org.uengine.model.FieldDescriptor","name":"CustomerName","namePascalCase":"CustomerName","nameCamelCase":"customerName","className":"String","isKey":false},{"_type":"org.uengine.model.FieldDescriptor","name":"BookId","namePascalCase":"BookId","nameCamelCase":"bookId","className":"Long","isKey":false},{"_type":"org.uengine.model.FieldDescriptor","name":"Address","namePascalCase":"Address","nameCamelCase":"address","className":"String","isKey":false},{"_type":"org.uengine.model.FieldDescriptor","name":"RentalId","namePascalCase":"RentalId","nameCamelCase":"rentalId","className":"String","isKey":false}]},"boundedContext":{"id":"7922b649-d65a-9961-92cd-5e76824514cd","name":"rental"},"fieldDescriptors":[{"_type":"org.uengine.model.FieldDescriptor","name":"id","className":"Long","nameCamelCase":"id","namePascalCase":"Id","isKey":true},{"_type":"org.uengine.model.FieldDescriptor","name":"CustomerId","namePascalCase":"CustomerId","nameCamelCase":"customerId","className":"Long","isKey":false},{"_type":"org.uengine.model.FieldDescriptor","name":"CustomerName","namePascalCase":"CustomerName","nameCamelCase":"customerName","className":"String","isKey":false},{"_type":"org.uengine.model.FieldDescriptor","name":"BookId","namePascalCase":"BookId","nameCamelCase":"bookId","className":"Long","isKey":false},{"_type":"org.uengine.model.FieldDescriptor","name":"Address","namePascalCase":"Address","nameCamelCase":"address","className":"String","isKey":false},{"_type":"org.uengine.model.FieldDescriptor","name":"RentalId","namePascalCase":"RentalId","nameCamelCase":"rentalId","className":"String","isKey":false}],"elementView":{"_type":"org.uengine.modeling.model.Event","id":"5d1817a4-d514-5d10-bee7-fbe22e1956bd","x":592,"y":362,"width":160,"height":84,"style":"{}","angle":0},"alertURL":"/static/image/symbol/alert-icon.png","checkAlert":true,"relationPolicyInfo":[],"relationCommandInfo":[],"trigger":"@PrePersist","editing":false}],"commands":[]}],"policies":[{"_type":"org.uengine.modeling.model.Policy","name":"대여상태변경","namePascalCase":"대여상태변경","nameCamelCase":"대여상태변경","namePlural":"대여상태변경","aggregate":{},"boundedContext":{"id":"7922b649-d65a-9961-92cd-5e76824514cd","name":"rental"},"alertURL":"/static/image/symbol/alert-icon.png","elementView":{"_type":"org.uengine.modeling.model.Policy","id":"22f5c6d8-226c-1bbc-ac94-8c6c00502500","x":640,"y":171,"width":100,"height":100,"style":"{}"},"editing":false,"relationEventInfo":[{"relationId":"2aac7491-6960-6ea1-7310-a5741d38daa2","eventValue":{"_type":"org.uengine.modeling.model.Event","name":"DeliveryStarted","namePascalCase":"DeliveryStarted","nameCamelCase":"deliveryStarted","namePlural":"deliveryStarteds","aggregate":{"id":"a96e07ce-1579-6894-772c-26f8d6cb3dc1","name":"DeliveryManagement","namePlural":"deliveryManagements","namePascalCase":"DeliveryManagement","nameCamelCase":"deliveryManagement","boundedContext":{"id":"f46d3497-8453-56a9-7f34-deb811585860","name":"delivery"},"fieldDescriptors":[{"_type":"org.uengine.model.FieldDescriptor","name":"id","className":"Long","nameCamelCase":"id","namePascalCase":"Id","isKey":true},{"_type":"org.uengine.model.FieldDescriptor","name":"RentalId","namePascalCase":"RentalId","nameCamelCase":"rentalId","className":"String","isKey":false},{"_type":"org.uengine.model.FieldDescriptor","name":"RentalStatus","namePascalCase":"RentalStatus","nameCamelCase":"rentalStatus","className":"String","isKey":false}]},"boundedContext":{"id":"f46d3497-8453-56a9-7f34-deb811585860","name":"delivery"},"fieldDescriptors":[{"_type":"org.uengine.model.FieldDescriptor","name":"id","className":"Long","nameCamelCase":"id","namePascalCase":"Id","isKey":true},{"_type":"org.uengine.model.FieldDescriptor","name":"RentalId","namePascalCase":"RentalId","nameCamelCase":"rentalId","className":"String","isKey":false},{"_type":"org.uengine.model.FieldDescriptor","name":"RentalStatus","namePascalCase":"RentalStatus","nameCamelCase":"rentalStatus","className":"String","isKey":false}],"elementView":{"_type":"org.uengine.modeling.model.Event","id":"6cdc8bce-7198-086b-aaea-115c42ac169c","x":1268,"y":207,"width":152,"height":74,"style":"{}","angle":0},"alertURL":"/static/image/symbol/alert-icon.png","checkAlert":true,"relationPolicyInfo":[{"relationId":"2aac7491-6960-6ea1-7310-a5741d38daa2","policyValue":{"_type":"org.uengine.modeling.model.Policy","name":"대여상태변경","namePascalCase":"대여상태변경","nameCamelCase":"대여상태변경","namePlural":"대여상태변경","aggregate":{},"boundedContext":{"id":"7922b649-d65a-9961-92cd-5e76824514cd","name":"rental"},"alertURL":"/static/image/symbol/alert-icon.png","elementView":{"_type":"org.uengine.modeling.model.Policy","id":"22f5c6d8-226c-1bbc-ac94-8c6c00502500","x":664,"y":167,"width":100,"height":100,"style":"{}"},"editing":false,"relationEventInfo":[{"relationId":"2aac7491-6960-6ea1-7310-a5741d38daa2","eventValue":{"_type":"org.uengine.modeling.model.Event","name":"DeliveryStarted","namePascalCase":"DeliveryStarted","nameCamelCase":"deliveryStarted","namePlural":"deliveryStarteds","aggregate":{},"boundedContext":{"id":"f46d3497-8453-56a9-7f34-deb811585860","name":"delivery"},"fieldDescriptors":[{"_type":"org.uengine.model.FieldDescriptor","name":"id","className":"Long","nameCamelCase":"id","namePascalCase":"Id","isKey":true}],"elementView":{"_type":"org.uengine.modeling.model.Event","id":"6cdc8bce-7198-086b-aaea-115c42ac169c","x":1268,"y":203,"width":152,"height":74,"style":"{}","angle":0},"alertURL":"/static/image/symbol/alert-icon.png","checkAlert":true,"relationPolicyInfo":[{"relationId":"2aac7491-6960-6ea1-7310-a5741d38daa2","policyValue":{"_type":"org.uengine.modeling.model.Policy","name":"대여상태변경","namePascalCase":"대여상태변경","nameCamelCase":"대여상태변경","namePlural":"대여상태변경","aggregate":{},"boundedContext":{"id":"7922b649-d65a-9961-92cd-5e76824514cd","name":"rental"},"alertURL":"/static/image/symbol/alert-icon.png","elementView":{"_type":"org.uengine.modeling.model.Policy","id":"22f5c6d8-226c-1bbc-ac94-8c6c00502500","x":664,"y":167,"width":100,"height":100,"style":"{}"},"editing":false,"relationEventInfo":[]}}],"relationCommandInfo":[],"trigger":"@PrePersist","editing":false}},{"relationId":"d26fc8e7-6cf3-3af4-67a4-9bef174dcda0","eventValue":{"_type":"org.uengine.modeling.model.Event","name":"DeliveryFinished","namePascalCase":"DeliveryFinished","nameCamelCase":"deliveryFinished","namePlural":"deliveryFinisheds","aggregate":{},"boundedContext":{"id":"f46d3497-8453-56a9-7f34-deb811585860","name":"delivery"},"fieldDescriptors":[{"_type":"org.uengine.model.FieldDescriptor","name":"id","className":"Long","nameCamelCase":"id","namePascalCase":"Id","isKey":true}],"elementView":{"_type":"org.uengine.modeling.model.Event","id":"f2f685a0-eb77-e019-2d72-75b19eac7d45","x":1269,"y":364,"width":150,"height":64,"style":"{}","angle":0},"alertURL":"/static/image/symbol/alert-icon.png","checkAlert":true,"relationPolicyInfo":[{"relationId":"d26fc8e7-6cf3-3af4-67a4-9bef174dcda0","policyValue":{"_type":"org.uengine.modeling.model.Policy","name":"대여상태변경","namePascalCase":"대여상태변경","nameCamelCase":"대여상태변경","namePlural":"대여상태변경","aggregate":{},"boundedContext":{"id":"7922b649-d65a-9961-92cd-5e76824514cd","name":"rental"},"alertURL":"/static/image/symbol/alert-icon.png","elementView":{"_type":"org.uengine.modeling.model.Policy","id":"22f5c6d8-226c-1bbc-ac94-8c6c00502500","x":664,"y":167,"width":100,"height":100,"style":"{}"},"editing":false,"relationEventInfo":[{"relationId":"2aac7491-6960-6ea1-7310-a5741d38daa2","eventValue":{"_type":"org.uengine.modeling.model.Event","name":"DeliveryStarted","namePascalCase":"DeliveryStarted","nameCamelCase":"deliveryStarted","namePlural":"deliveryStarteds","aggregate":{},"boundedContext":{"id":"f46d3497-8453-56a9-7f34-deb811585860","name":"delivery"},"fieldDescriptors":[{"_type":"org.uengine.model.FieldDescriptor","name":"id","className":"Long","nameCamelCase":"id","namePascalCase":"Id","isKey":true}],"elementView":{"_type":"org.uengine.modeling.model.Event","id":"6cdc8bce-7198-086b-aaea-115c42ac169c","x":1268,"y":203,"width":152,"height":74,"style":"{}","angle":0},"alertURL":"/static/image/symbol/alert-icon.png","checkAlert":true,"relationPolicyInfo":[{"relationId":"2aac7491-6960-6ea1-7310-a5741d38daa2","policyValue":{"_type":"org.uengine.modeling.model.Policy","name":"대여상태변경","namePascalCase":"대여상태변경","nameCamelCase":"대여상태변경","namePlural":"대여상태변경","aggregate":{},"boundedContext":{"id":"7922b649-d65a-9961-92cd-5e76824514cd","name":"rental"},"alertURL":"/static/image/symbol/alert-icon.png","elementView":{"_type":"org.uengine.modeling.model.Policy","id":"22f5c6d8-226c-1bbc-ac94-8c6c00502500","x":664,"y":167,"width":100,"height":100,"style":"{}"},"editing":false,"relationEventInfo":[]}}],"relationCommandInfo":[],"trigger":"@PrePersist","editing":false}}]}}],"relationCommandInfo":[],"trigger":"@PrePersist","editing":false}}]}}],"relationCommandInfo":[],"trigger":"@PrePersist","editing":false,"options":{"package":"bookRental","packagePath":"src/main/java/bookRental"}},"boundedContext":{"name":"rental"},"elementView":{"id":"22f5c6d8-226c-1bbc-ac94-8c6c00502500"}},{"relationId":"d26fc8e7-6cf3-3af4-67a4-9bef174dcda0","eventValue":{"_type":"org.uengine.modeling.model.Event","name":"DeliveryFinished","namePascalCase":"DeliveryFinished","nameCamelCase":"deliveryFinished","namePlural":"deliveryFinisheds","aggregate":{},"boundedContext":{"id":"f46d3497-8453-56a9-7f34-deb811585860","name":"delivery"},"fieldDescriptors":[{"_type":"org.uengine.model.FieldDescriptor","name":"id","className":"Long","nameCamelCase":"id","namePascalCase":"Id","isKey":true}],"elementView":{"_type":"org.uengine.modeling.model.Event","id":"f2f685a0-eb77-e019-2d72-75b19eac7d45","x":1269,"y":364,"width":150,"height":64,"style":"{}","angle":0},"alertURL":"/static/image/symbol/alert-icon.png","checkAlert":true,"relationPolicyInfo":[{"relationId":"d26fc8e7-6cf3-3af4-67a4-9bef174dcda0","policyValue":{"_type":"org.uengine.modeling.model.Policy","name":"대여상태변경","namePascalCase":"대여상태변경","nameCamelCase":"대여상태변경","namePlural":"대여상태변경","aggregate":{},"boundedContext":{"id":"7922b649-d65a-9961-92cd-5e76824514cd","name":"rental"},"alertURL":"/static/image/symbol/alert-icon.png","elementView":{"_type":"org.uengine.modeling.model.Policy","id":"22f5c6d8-226c-1bbc-ac94-8c6c00502500","x":664,"y":167,"width":100,"height":100,"style":"{}"},"editing":false,"relationEventInfo":[{"relationId":"2aac7491-6960-6ea1-7310-a5741d38daa2","eventValue":{"_type":"org.uengine.modeling.model.Event","name":"DeliveryStarted","namePascalCase":"DeliveryStarted","nameCamelCase":"deliveryStarted","namePlural":"deliveryStarteds","aggregate":{},"boundedContext":{"id":"f46d3497-8453-56a9-7f34-deb811585860","name":"delivery"},"fieldDescriptors":[{"_type":"org.uengine.model.FieldDescriptor","name":"id","className":"Long","nameCamelCase":"id","namePascalCase":"Id","isKey":true}],"elementView":{"_type":"org.uengine.modeling.model.Event","id":"6cdc8bce-7198-086b-aaea-115c42ac169c","x":1268,"y":203,"width":152,"height":74,"style":"{}","angle":0},"alertURL":"/static/image/symbol/alert-icon.png","checkAlert":true,"relationPolicyInfo":[{"relationId":"2aac7491-6960-6ea1-7310-a5741d38daa2","policyValue":{"_type":"org.uengine.modeling.model.Policy","name":"대여상태변경","namePascalCase":"대여상태변경","nameCamelCase":"대여상태변경","namePlural":"대여상태변경","aggregate":{},"boundedContext":{"id":"7922b649-d65a-9961-92cd-5e76824514cd","name":"rental"},"alertURL":"/static/image/symbol/alert-icon.png","elementView":{"_type":"org.uengine.modeling.model.Policy","id":"22f5c6d8-226c-1bbc-ac94-8c6c00502500","x":664,"y":167,"width":100,"height":100,"style":"{}"},"editing":false,"relationEventInfo":[]}}],"relationCommandInfo":[],"trigger":"@PrePersist","editing":false}},{"relationId":"d26fc8e7-6cf3-3af4-67a4-9bef174dcda0","eventValue":{"_type":"org.uengine.modeling.model.Event","name":"DeliveryFinished","namePascalCase":"DeliveryFinished","nameCamelCase":"deliveryFinished","namePlural":"deliveryFinisheds","aggregate":{},"boundedContext":{"id":"f46d3497-8453-56a9-7f34-deb811585860","name":"delivery"},"fieldDescriptors":[{"_type":"org.uengine.model.FieldDescriptor","name":"id","className":"Long","nameCamelCase":"id","namePascalCase":"Id","isKey":true}],"elementView":{"_type":"org.uengine.modeling.model.Event","id":"f2f685a0-eb77-e019-2d72-75b19eac7d45","x":1269,"y":364,"width":150,"height":64,"style":"{}","angle":0},"alertURL":"/static/image/symbol/alert-icon.png","checkAlert":true,"relationPolicyInfo":[{"relationId":"d26fc8e7-6cf3-3af4-67a4-9bef174dcda0","policyValue":{"_type":"org.uengine.modeling.model.Policy","name":"대여상태변경","namePascalCase":"대여상태변경","nameCamelCase":"대여상태변경","namePlural":"대여상태변경","aggregate":{},"boundedContext":{"id":"7922b649-d65a-9961-92cd-5e76824514cd","name":"rental"},"alertURL":"/static/image/symbol/alert-icon.png","elementView":{"_type":"org.uengine.modeling.model.Policy","id":"22f5c6d8-226c-1bbc-ac94-8c6c00502500","x":664,"y":167,"width":100,"height":100,"style":"{}"},"editing":false,"relationEventInfo":[{"relationId":"2aac7491-6960-6ea1-7310-a5741d38daa2","eventValue":{"_type":"org.uengine.modeling.model.Event","name":"DeliveryStarted","namePascalCase":"DeliveryStarted","nameCamelCase":"deliveryStarted","namePlural":"deliveryStarteds","aggregate":{},"boundedContext":{"id":"f46d3497-8453-56a9-7f34-deb811585860","name":"delivery"},"fieldDescriptors":[{"_type":"org.uengine.model.FieldDescriptor","name":"id","className":"Long","nameCamelCase":"id","namePascalCase":"Id","isKey":true}],"elementView":{"_type":"org.uengine.modeling.model.Event","id":"6cdc8bce-7198-086b-aaea-115c42ac169c","x":1268,"y":203,"width":152,"height":74,"style":"{}","angle":0},"alertURL":"/static/image/symbol/alert-icon.png","checkAlert":true,"relationPolicyInfo":[{"relationId":"2aac7491-6960-6ea1-7310-a5741d38daa2","policyValue":{"_type":"org.uengine.modeling.model.Policy","name":"대여상태변경","namePascalCase":"대여상태변경","nameCamelCase":"대여상태변경","namePlural":"대여상태변경","aggregate":{},"boundedContext":{"id":"7922b649-d65a-9961-92cd-5e76824514cd","name":"rental"},"alertURL":"/static/image/symbol/alert-icon.png","elementView":{"_type":"org.uengine.modeling.model.Policy","id":"22f5c6d8-226c-1bbc-ac94-8c6c00502500","x":664,"y":167,"width":100,"height":100,"style":"{}"},"editing":false,"relationEventInfo":[]}}],"relationCommandInfo":[],"trigger":"@PrePersist","editing":false}}]}}],"relationCommandInfo":[],"trigger":"@PrePersist","editing":false}}]}}],"relationCommandInfo":[],"trigger":"@PostUpdate","editing":false,"options":{"package":"bookRental","packagePath":"src/main/java/bookRental"}},"boundedContext":{"name":"rental"},"elementView":{"id":"22f5c6d8-226c-1bbc-ac94-8c6c00502500"}}]}],"viewes":[{"_type":"org.uengine.modeling.model.View","name":"Bookinformation","aggregate":{},"namePascalCase":"Bookinformation","namePlural":"bookinformations","boundedContext":{"id":"7922b649-d65a-9961-92cd-5e76824514cd","name":"rental"},"fieldDescriptors":[{"_type":"org.uengine.model.FieldDescriptor","name":"id","className":"Long","nameCamelCase":"id","namePascalCase":"Id","isKey":true}],"alertURL":"/static/image/symbol/alert-icon.png","elementView":{"_type":"org.uengine.modeling.model.View","id":"e8f979e5-3e7a-bd77-3f7a-721e0e6ced55","x":281,"y":288,"width":100,"height":100,"style":"{}"},"editing":false,"editingView":false,"dataProjection":"cqrs","createRules":[{"_type":"viewStoreRule","operation":"CREATE","when":{"_type":"org.uengine.modeling.model.Event","name":"BookRegistered","namePascalCase":"BookRegistered","nameCamelCase":"bookRegistered","namePlural":"bookRegistereds","aggregate":{},"boundedContext":{"id":"c1a7ee12-e7f3-1012-b20c-c26f701fe281","name":"bookinfo"},"fieldDescriptors":[{"_type":"org.uengine.model.FieldDescriptor","name":"id","className":"Long","nameCamelCase":"id","namePascalCase":"Id","isKey":true}],"elementView":{"_type":"org.uengine.modeling.model.Event","id":"531e087a-0aae-0ad3-2854-86f4a1b3f3c3","x":557,"y":643,"width":150,"height":66,"style":"{}","angle":0},"alertURL":"/static/image/symbol/alert-icon.png","checkAlert":true,"relationPolicyInfo":[],"relationCommandInfo":[],"trigger":"@PrePersist","editing":false},"fieldMapping":[],"where":[{"viewField":{},"eventField":{}}],"_index":1}],"updateRules":[{"_type":"viewStoreRule","operation":"UPDATE","when":{"_type":"org.uengine.modeling.model.Event","name":"BookDeleted","namePascalCase":"BookDeleted","nameCamelCase":"bookDeleted","namePlural":"bookDeleteds","aggregate":{},"boundedContext":{"id":"c1a7ee12-e7f3-1012-b20c-c26f701fe281","name":"bookinfo"},"fieldDescriptors":[{"_type":"org.uengine.model.FieldDescriptor","name":"id","className":"Long","nameCamelCase":"id","namePascalCase":"Id","isKey":true}],"elementView":{"_type":"org.uengine.modeling.model.Event","id":"b346e8a0-7bc5-19f3-171d-55a3be75e951","x":558,"y":785,"width":148,"height":62,"style":"{}","angle":0},"alertURL":"/static/image/symbol/alert-icon.png","checkAlert":true,"relationPolicyInfo":[],"relationCommandInfo":[],"trigger":"@PrePersist","editing":false},"fieldMapping":[],"where":[],"_index":1}],"deleteRules":[],"nameCamelCase":"bookinformation","checkValue":false}],"elementView":{"_type":"org.uengine.modeling.model.BoundedContext","id":"7922b649-d65a-9961-92cd-5e76824514cd","x":426,"y":302,"width":564,"height":388,"style":"{}"},"portGenerated":8082,"groups":["15fbc433-eae8-84c0-0451-1acff8d2cf4a","7202e3e8-ef8b-e25c-72c2-07a3bc76ffc1","5d1817a4-d514-5d10-bee7-fbe22e1956bd","e8f979e5-3e7a-bd77-3f7a-721e0e6ced55","22f5c6d8-226c-1bbc-ac94-8c6c00502500"],"tempId":"","namePascalCase":"Rental"},{"_type":"org.uengine.modeling.model.BoundedContext","name":"delivery","namePlural":"","aggregates":[{"_type":"org.uengine.modeling.model.Aggregate","name":"DeliveryManagement","namePlural":"deliveryManagements","namePascalCase":"DeliveryManagement","nameCamelCase":"deliveryManagement","alertURL":"/static/image/symbol/alert-icon.png","elementView":{"_type":"org.uengine.modeling.model.Aggregate","id":"a96e07ce-1579-6894-772c-26f8d6cb3dc1","x":1161,"y":259,"width":142,"height":172,"style":"{}"},"boundedContext":{"id":"f46d3497-8453-56a9-7f34-deb811585860","name":"delivery"},"aggregateRoot":{"_type":"org.uengine.modeling.model.AggregateRoot","fieldDescriptors":[{"_type":"org.uengine.model.FieldDescriptor","name":"id","className":"Long","nameCamelCase":"id","namePascalCase":"Id","isKey":true},{"_type":"org.uengine.model.FieldDescriptor","name":"RentalId","namePascalCase":"RentalId","nameCamelCase":"rentalId","className":"String","isKey":false},{"_type":"org.uengine.model.FieldDescriptor","name":"RentalStatus","namePascalCase":"RentalStatus","nameCamelCase":"rentalStatus","className":"String","isKey":false}],"keyFieldDescriptor":{"_type":"org.uengine.model.FieldDescriptor","name":"id","className":"Long","nameCamelCase":"id","namePascalCase":"Id","isKey":true}},"events":[{"_type":"org.uengine.modeling.model.Event","name":"DeliveryStarted","namePascalCase":"DeliveryStarted","nameCamelCase":"deliveryStarted","namePlural":"deliveryStarteds","aggregate":{"id":"a96e07ce-1579-6894-772c-26f8d6cb3dc1","name":"DeliveryManagement","namePlural":"deliveryManagements","namePascalCase":"DeliveryManagement","nameCamelCase":"deliveryManagement","boundedContext":{"id":"f46d3497-8453-56a9-7f34-deb811585860","name":"delivery"},"fieldDescriptors":[{"_type":"org.uengine.model.FieldDescriptor","name":"id","className":"Long","nameCamelCase":"id","namePascalCase":"Id","isKey":true},{"_type":"org.uengine.model.FieldDescriptor","name":"RentalId","namePascalCase":"RentalId","nameCamelCase":"rentalId","className":"String","isKey":false},{"_type":"org.uengine.model.FieldDescriptor","name":"RentalStatus","namePascalCase":"RentalStatus","nameCamelCase":"rentalStatus","className":"String","isKey":false}]},"boundedContext":{"id":"f46d3497-8453-56a9-7f34-deb811585860","name":"delivery"},"fieldDescriptors":[{"_type":"org.uengine.model.FieldDescriptor","name":"id","className":"Long","nameCamelCase":"id","namePascalCase":"Id","isKey":true},{"_type":"org.uengine.model.FieldDescriptor","name":"RentalId","namePascalCase":"RentalId","nameCamelCase":"rentalId","className":"String","isKey":false},{"_type":"org.uengine.model.FieldDescriptor","name":"RentalStatus","namePascalCase":"RentalStatus","nameCamelCase":"rentalStatus","className":"String","isKey":false}],"elementView":{"_type":"org.uengine.modeling.model.Event","id":"6cdc8bce-7198-086b-aaea-115c42ac169c","x":1268,"y":207,"width":152,"height":74,"style":"{}","angle":0},"alertURL":"/static/image/symbol/alert-icon.png","checkAlert":true,"relationPolicyInfo":[{"relationId":"2aac7491-6960-6ea1-7310-a5741d38daa2","policyValue":{"_type":"org.uengine.modeling.model.Policy","name":"대여상태변경","namePascalCase":"대여상태변경","nameCamelCase":"대여상태변경","namePlural":"대여상태변경","aggregate":{},"boundedContext":{"id":"7922b649-d65a-9961-92cd-5e76824514cd","name":"rental"},"alertURL":"/static/image/symbol/alert-icon.png","elementView":{"_type":"org.uengine.modeling.model.Policy","id":"22f5c6d8-226c-1bbc-ac94-8c6c00502500","x":664,"y":167,"width":100,"height":100,"style":"{}"},"editing":false,"relationEventInfo":[{"relationId":"2aac7491-6960-6ea1-7310-a5741d38daa2","eventValue":{"_type":"org.uengine.modeling.model.Event","name":"DeliveryStarted","namePascalCase":"DeliveryStarted","nameCamelCase":"deliveryStarted","namePlural":"deliveryStarteds","aggregate":{},"boundedContext":{"id":"f46d3497-8453-56a9-7f34-deb811585860","name":"delivery"},"fieldDescriptors":[{"_type":"org.uengine.model.FieldDescriptor","name":"id","className":"Long","nameCamelCase":"id","namePascalCase":"Id","isKey":true}],"elementView":{"_type":"org.uengine.modeling.model.Event","id":"6cdc8bce-7198-086b-aaea-115c42ac169c","x":1268,"y":203,"width":152,"height":74,"style":"{}","angle":0},"alertURL":"/static/image/symbol/alert-icon.png","checkAlert":true,"relationPolicyInfo":[{"relationId":"2aac7491-6960-6ea1-7310-a5741d38daa2","policyValue":{"_type":"org.uengine.modeling.model.Policy","name":"대여상태변경","namePascalCase":"대여상태변경","nameCamelCase":"대여상태변경","namePlural":"대여상태변경","aggregate":{},"boundedContext":{"id":"7922b649-d65a-9961-92cd-5e76824514cd","name":"rental"},"alertURL":"/static/image/symbol/alert-icon.png","elementView":{"_type":"org.uengine.modeling.model.Policy","id":"22f5c6d8-226c-1bbc-ac94-8c6c00502500","x":664,"y":167,"width":100,"height":100,"style":"{}"},"editing":false,"relationEventInfo":[]}}],"relationCommandInfo":[],"trigger":"@PrePersist","editing":false}},{"relationId":"d26fc8e7-6cf3-3af4-67a4-9bef174dcda0","eventValue":{"_type":"org.uengine.modeling.model.Event","name":"DeliveryFinished","namePascalCase":"DeliveryFinished","nameCamelCase":"deliveryFinished","namePlural":"deliveryFinisheds","aggregate":{},"boundedContext":{"id":"f46d3497-8453-56a9-7f34-deb811585860","name":"delivery"},"fieldDescriptors":[{"_type":"org.uengine.model.FieldDescriptor","name":"id","className":"Long","nameCamelCase":"id","namePascalCase":"Id","isKey":true}],"elementView":{"_type":"org.uengine.modeling.model.Event","id":"f2f685a0-eb77-e019-2d72-75b19eac7d45","x":1269,"y":364,"width":150,"height":64,"style":"{}","angle":0},"alertURL":"/static/image/symbol/alert-icon.png","checkAlert":true,"relationPolicyInfo":[{"relationId":"d26fc8e7-6cf3-3af4-67a4-9bef174dcda0","policyValue":{"_type":"org.uengine.modeling.model.Policy","name":"대여상태변경","namePascalCase":"대여상태변경","nameCamelCase":"대여상태변경","namePlural":"대여상태변경","aggregate":{},"boundedContext":{"id":"7922b649-d65a-9961-92cd-5e76824514cd","name":"rental"},"alertURL":"/static/image/symbol/alert-icon.png","elementView":{"_type":"org.uengine.modeling.model.Policy","id":"22f5c6d8-226c-1bbc-ac94-8c6c00502500","x":664,"y":167,"width":100,"height":100,"style":"{}"},"editing":false,"relationEventInfo":[{"relationId":"2aac7491-6960-6ea1-7310-a5741d38daa2","eventValue":{"_type":"org.uengine.modeling.model.Event","name":"DeliveryStarted","namePascalCase":"DeliveryStarted","nameCamelCase":"deliveryStarted","namePlural":"deliveryStarteds","aggregate":{},"boundedContext":{"id":"f46d3497-8453-56a9-7f34-deb811585860","name":"delivery"},"fieldDescriptors":[{"_type":"org.uengine.model.FieldDescriptor","name":"id","className":"Long","nameCamelCase":"id","namePascalCase":"Id","isKey":true}],"elementView":{"_type":"org.uengine.modeling.model.Event","id":"6cdc8bce-7198-086b-aaea-115c42ac169c","x":1268,"y":203,"width":152,"height":74,"style":"{}","angle":0},"alertURL":"/static/image/symbol/alert-icon.png","checkAlert":true,"relationPolicyInfo":[{"relationId":"2aac7491-6960-6ea1-7310-a5741d38daa2","policyValue":{"_type":"org.uengine.modeling.model.Policy","name":"대여상태변경","namePascalCase":"대여상태변경","nameCamelCase":"대여상태변경","namePlural":"대여상태변경","aggregate":{},"boundedContext":{"id":"7922b649-d65a-9961-92cd-5e76824514cd","name":"rental"},"alertURL":"/static/image/symbol/alert-icon.png","elementView":{"_type":"org.uengine.modeling.model.Policy","id":"22f5c6d8-226c-1bbc-ac94-8c6c00502500","x":664,"y":167,"width":100,"height":100,"style":"{}"},"editing":false,"relationEventInfo":[]}}],"relationCommandInfo":[],"trigger":"@PrePersist","editing":false}}]}}],"relationCommandInfo":[],"trigger":"@PrePersist","editing":false}}]}}],"relationCommandInfo":[],"trigger":"@PrePersist","editing":false,"options":{"package":"bookRental","packagePath":"src/main/java/bookRental"}}],"commands":[{"_type":"org.uengine.modeling.model.Command","name":"Delivery start","namePlural":"deliveryStarts","namePascalCase":"DeliveryStart","nameCamelCase":"deliveryStart","aggregate":{"id":"a96e07ce-1579-6894-772c-26f8d6cb3dc1","name":"DeliveryManagement","namePlural":"deliveryManagements","namePascalCase":"DeliveryManagement","nameCamelCase":"deliveryManagement","boundedContext":{"id":"f46d3497-8453-56a9-7f34-deb811585860","name":"delivery"},"fieldDescriptors":[{"_type":"org.uengine.model.FieldDescriptor","name":"id","className":"Long","nameCamelCase":"id","namePascalCase":"Id","isKey":true},{"_type":"org.uengine.model.FieldDescriptor","name":"RentalId","namePascalCase":"RentalId","nameCamelCase":"rentalId","className":"String","isKey":false},{"_type":"org.uengine.model.FieldDescriptor","name":"RentalStatus","namePascalCase":"RentalStatus","nameCamelCase":"rentalStatus","className":"String","isKey":false}]},"boundedContext":{"id":"f46d3497-8453-56a9-7f34-deb811585860","name":"delivery"},"alertURL":"/static/image/symbol/alert-icon.png","elementView":{"_type":"org.uengine.modeling.model.Command","id":"779303d5-c1fe-dec0-f332-3fb66ba62054","x":1046,"y":207,"width":124,"height":74,"style":"{}","z-index":999},"isRestRepository":false,"controllerInfo":{"apiPath":"","method":"GET"},"restRepositoryInfo":{"method":"GET"},"relationEventInfo":[{"relationId":"9d247706-da85-f7bf-fb09-717cdd52ea38","eventValue":{"_type":"org.uengine.modeling.model.Event","name":"RentalOrdered","namePascalCase":"RentalOrdered","nameCamelCase":"rentalOrdered","namePlural":"rentalOrdereds","aggregate":{"id":"15fbc433-eae8-84c0-0451-1acff8d2cf4a","name":"RentalManagement","namePlural":"rentalManagements","namePascalCase":"RentalManagement","nameCamelCase":"rentalManagement","boundedContext":{"id":"7922b649-d65a-9961-92cd-5e76824514cd","name":"rental"},"fieldDescriptors":[{"_type":"org.uengine.model.FieldDescriptor","name":"id","className":"Long","nameCamelCase":"id","namePascalCase":"Id","isKey":true},{"_type":"org.uengine.model.FieldDescriptor","name":"CustomerId","namePascalCase":"CustomerId","nameCamelCase":"customerId","className":"Long","isKey":false},{"_type":"org.uengine.model.FieldDescriptor","name":"CustomerName","namePascalCase":"CustomerName","nameCamelCase":"customerName","className":"String","isKey":false},{"_type":"org.uengine.model.FieldDescriptor","name":"BookId","namePascalCase":"BookId","nameCamelCase":"bookId","className":"Long","isKey":false},{"_type":"org.uengine.model.FieldDescriptor","name":"Address","namePascalCase":"Address","nameCamelCase":"address","className":"String","isKey":false},{"_type":"org.uengine.model.FieldDescriptor","name":"RentalId","namePascalCase":"RentalId","nameCamelCase":"rentalId","className":"String","isKey":false}]},"boundedContext":{"id":"7922b649-d65a-9961-92cd-5e76824514cd","name":"rental"},"fieldDescriptors":[{"_type":"org.uengine.model.FieldDescriptor","name":"id","className":"Long","nameCamelCase":"id","namePascalCase":"Id","isKey":true},{"_type":"org.uengine.model.FieldDescriptor","name":"CustomerId","namePascalCase":"CustomerId","nameCamelCase":"customerId","className":"Long","isKey":false},{"_type":"org.uengine.model.FieldDescriptor","name":"CustomerName","namePascalCase":"CustomerName","nameCamelCase":"customerName","className":"String","isKey":false},{"_type":"org.uengine.model.FieldDescriptor","name":"BookId","namePascalCase":"BookId","nameCamelCase":"bookId","className":"Long","isKey":false},{"_type":"org.uengine.model.FieldDescriptor","name":"Address","namePascalCase":"Address","nameCamelCase":"address","className":"String","isKey":false},{"_type":"org.uengine.model.FieldDescriptor","name":"RentalId","namePascalCase":"RentalId","nameCamelCase":"rentalId","className":"String","isKey":false}],"elementView":{"_type":"org.uengine.modeling.model.Event","id":"7202e3e8-ef8b-e25c-72c2-07a3bc76ffc1","x":589,"y":252,"width":154,"height":66,"style":"{}","angle":0},"alertURL":"/static/image/symbol/alert-icon.png","checkAlert":true,"relationPolicyInfo":[],"relationCommandInfo":[{"relationId":"9d247706-da85-f7bf-fb09-717cdd52ea38","commandValue":{"_type":"org.uengine.modeling.model.Command","name":"Delivery start","namePlural":"deliveryStarts","namePascalCase":"DeliveryStart","nameCamelCase":"deliveryStart","aggregate":{},"boundedContext":{"id":"f46d3497-8453-56a9-7f34-deb811585860","name":"delivery"},"alertURL":"/static/image/symbol/alert-icon.png","elementView":{"_type":"org.uengine.modeling.model.Command","id":"779303d5-c1fe-dec0-f332-3fb66ba62054","x":1046,"y":203,"width":124,"height":74,"style":"{}","z-index":999},"isRestRepository":false,"controllerInfo":{"apiPath":"","method":"GET"},"restRepositoryInfo":{"method":"GET"},"relationEventInfo":[],"editing":false}}],"trigger":"@PrePersist","editing":false}}],"editing":false}]}],"policies":[],"viewes":[],"elementView":{"_type":"org.uengine.modeling.model.BoundedContext","id":"f46d3497-8453-56a9-7f34-deb811585860","x":1120,"y":308,"width":512,"height":384,"style":"{}"},"portGenerated":8083,"groups":["6cdc8bce-7198-086b-aaea-115c42ac169c","f2f685a0-eb77-e019-2d72-75b19eac7d45","a96e07ce-1579-6894-772c-26f8d6cb3dc1"],"tempId":"","namePascalCase":"Delivery"},{"_type":"org.uengine.modeling.model.BoundedContext","name":"Lookup","namePlural":"","aggregates":[],"policies":[],"viewes":[{"_type":"org.uengine.modeling.model.View","name":"RentalStatus","aggregate":{},"namePascalCase":"RentalStatus","namePlural":"rentalStatuses","boundedContext":{"id":"0fba3187-a475-4c59-248b-989638319bbd","name":"Lookup"},"fieldDescriptors":[{"_type":"org.uengine.model.FieldDescriptor","name":"id","className":"Long","nameCamelCase":"id","namePascalCase":"Id","isKey":true}],"alertURL":"/static/image/symbol/alert-icon.png","elementView":{"_type":"org.uengine.modeling.model.View","id":"b8a82153-c3ba-3bbe-b105-fbc701e60f16","x":1128,"y":720,"width":136,"height":122,"style":"{}"},"editing":false,"editingView":false,"dataProjection":"cqrs","createRules":[],"updateRules":[],"deleteRules":[],"nameCamelCase":"rentalStatus","checkValue":false}],"elementView":{"_type":"org.uengine.modeling.model.BoundedContext","id":"0fba3187-a475-4c59-248b-989638319bbd","x":1120,"y":691,"width":512,"height":308,"style":"{}"},"portGenerated":8084,"groups":["b8a82153-c3ba-3bbe-b105-fbc701e60f16"],"tempId":"","namePascalCase":"Lookup"}],"relations":[{"_type":"org.uengine.modeling.model.Relation","name":"Req/Res","sourceElement":{"_type":"org.uengine.modeling.model.Event","name":"RentalOrdered","namePascalCase":"RentalOrdered","nameCamelCase":"rentalOrdered","namePlural":"rentalOrdereds","aggregate":{"id":"15fbc433-eae8-84c0-0451-1acff8d2cf4a","name":"RentalManagement","namePlural":"rentalManagements","namePascalCase":"RentalManagement","nameCamelCase":"rentalManagement","boundedContext":{"id":"7922b649-d65a-9961-92cd-5e76824514cd","name":"rental"},"fieldDescriptors":[{"_type":"org.uengine.model.FieldDescriptor","name":"id","className":"Long","nameCamelCase":"id","namePascalCase":"Id","isKey":true},{"_type":"org.uengine.model.FieldDescriptor","name":"CustomerId","namePascalCase":"CustomerId","nameCamelCase":"customerId","className":"Long","isKey":false},{"_type":"org.uengine.model.FieldDescriptor","name":"CustomerName","namePascalCase":"CustomerName","nameCamelCase":"customerName","className":"String","isKey":false},{"_type":"org.uengine.model.FieldDescriptor","name":"BookId","namePascalCase":"BookId","nameCamelCase":"bookId","className":"Long","isKey":false},{"_type":"org.uengine.model.FieldDescriptor","name":"Address","namePascalCase":"Address","nameCamelCase":"address","className":"String","isKey":false}]},"boundedContext":{"id":"7922b649-d65a-9961-92cd-5e76824514cd","name":"rental"},"fieldDescriptors":[{"_type":"org.uengine.model.FieldDescriptor","name":"id","className":"Long","nameCamelCase":"id","namePascalCase":"Id","isKey":true}],"elementView":{"_type":"org.uengine.modeling.model.Event","id":"7202e3e8-ef8b-e25c-72c2-07a3bc76ffc1","x":605,"y":204,"width":153,"height":65,"style":"{}","angle":0},"alertURL":"/static/image/symbol/alert-icon.png","checkAlert":true,"relationPolicyInfo":[],"relationCommandInfo":[{"relationId":"9d247706-da85-f7bf-fb09-717cdd52ea38","commandValue":{"_type":"org.uengine.modeling.model.Command","name":"Delivery start","namePlural":"deliveryStarts","namePascalCase":"DeliveryStart","nameCamelCase":"deliveryStart","aggregate":{},"boundedContext":{"id":"f46d3497-8453-56a9-7f34-deb811585860","name":"delivery"},"alertURL":"/static/image/symbol/alert-icon.png","elementView":{"_type":"org.uengine.modeling.model.Command","id":"779303d5-c1fe-dec0-f332-3fb66ba62054","x":1046,"y":203,"width":124,"height":74,"style":"{}","z-index":999},"isRestRepository":false,"controllerInfo":{"apiPath":"","method":"GET"},"restRepositoryInfo":{"method":"GET"},"relationEventInfo":[],"editing":false}}],"trigger":"@PrePersist","editing":false},"targetElement":{"_type":"org.uengine.modeling.model.Command","name":"Delivery start","namePlural":"deliveryStarts","namePascalCase":"DeliveryStart","nameCamelCase":"deliveryStart","aggregate":{},"boundedContext":{"id":"f46d3497-8453-56a9-7f34-deb811585860","name":"delivery"},"alertURL":"/static/image/symbol/alert-icon.png","elementView":{"_type":"org.uengine.modeling.model.Command","id":"779303d5-c1fe-dec0-f332-3fb66ba62054","x":1046,"y":203,"width":124,"height":74,"style":"{}","z-index":999},"isRestRepository":false,"controllerInfo":{"apiPath":"","method":"GET"},"restRepositoryInfo":{"method":"GET"},"relationEventInfo":[{"relationId":"9d247706-da85-f7bf-fb09-717cdd52ea38","eventValue":{"_type":"org.uengine.modeling.model.Event","name":"RentalOrdered","namePascalCase":"RentalOrdered","nameCamelCase":"rentalOrdered","namePlural":"rentalOrdereds","aggregate":{"id":"15fbc433-eae8-84c0-0451-1acff8d2cf4a","name":"RentalManagement","namePlural":"rentalManagements","namePascalCase":"RentalManagement","nameCamelCase":"rentalManagement","boundedContext":{"id":"7922b649-d65a-9961-92cd-5e76824514cd","name":"rental"},"fieldDescriptors":[{"_type":"org.uengine.model.FieldDescriptor","name":"id","className":"Long","nameCamelCase":"id","namePascalCase":"Id","isKey":true},{"_type":"org.uengine.model.FieldDescriptor","name":"CustomerId","namePascalCase":"CustomerId","nameCamelCase":"customerId","className":"Long","isKey":false},{"_type":"org.uengine.model.FieldDescriptor","name":"CustomerName","namePascalCase":"CustomerName","nameCamelCase":"customerName","className":"String","isKey":false},{"_type":"org.uengine.model.FieldDescriptor","name":"BookId","namePascalCase":"BookId","nameCamelCase":"bookId","className":"Long","isKey":false},{"_type":"org.uengine.model.FieldDescriptor","name":"Address","namePascalCase":"Address","nameCamelCase":"address","className":"String","isKey":false}]},"boundedContext":{"id":"7922b649-d65a-9961-92cd-5e76824514cd","name":"rental"},"fieldDescriptors":[{"_type":"org.uengine.model.FieldDescriptor","name":"id","className":"Long","nameCamelCase":"id","namePascalCase":"Id","isKey":true}],"elementView":{"_type":"org.uengine.modeling.model.Event","id":"7202e3e8-ef8b-e25c-72c2-07a3bc76ffc1","x":605,"y":204,"width":153,"height":65,"style":"{}","angle":0},"alertURL":"/static/image/symbol/alert-icon.png","checkAlert":true,"relationPolicyInfo":[],"relationCommandInfo":[{"relationId":"9d247706-da85-f7bf-fb09-717cdd52ea38","commandValue":{"_type":"org.uengine.modeling.model.Command","name":"Delivery start","namePlural":"deliveryStarts","namePascalCase":"DeliveryStart","nameCamelCase":"deliveryStart","aggregate":{},"boundedContext":{"id":"f46d3497-8453-56a9-7f34-deb811585860","name":"delivery"},"alertURL":"/static/image/symbol/alert-icon.png","elementView":{"_type":"org.uengine.modeling.model.Command","id":"779303d5-c1fe-dec0-f332-3fb66ba62054","x":1046,"y":203,"width":124,"height":74,"style":"{}","z-index":999},"isRestRepository":false,"controllerInfo":{"apiPath":"","method":"GET"},"restRepositoryInfo":{"method":"GET"},"relationEventInfo":[],"editing":false}}],"trigger":"@PrePersist","editing":false}}],"editing":false},"from":"7202e3e8-ef8b-e25c-72c2-07a3bc76ffc1","to":"779303d5-c1fe-dec0-f332-3fb66ba62054","relationView":{"id":"9d247706-da85-f7bf-fb09-717cdd52ea38","style":"{\"arrow-start\":\"none\",\"arrow-end\":\"none\"}","value":"[[588,285],[588,304],[1048,304],[1048,244]]","from":"7202e3e8-ef8b-e25c-72c2-07a3bc76ffc1","to":"779303d5-c1fe-dec0-f332-3fb66ba62054","needReconnect":true},"sourceMultiplicity":1,"targetMultiplicity":1},{"_type":"org.uengine.modeling.model.Relation","name":"Pub/Sub","sourceElement":{"_type":"org.uengine.modeling.model.Event","name":"DeliveryStarted","namePascalCase":"DeliveryStarted","nameCamelCase":"deliveryStarted","namePlural":"deliveryStarteds","aggregate":{"id":"a96e07ce-1579-6894-772c-26f8d6cb3dc1","name":"DeliveryManagement","namePlural":"deliveryManagements","namePascalCase":"DeliveryManagement","nameCamelCase":"deliveryManagement","boundedContext":{"id":"f46d3497-8453-56a9-7f34-deb811585860","name":"delivery"},"fieldDescriptors":[{"_type":"org.uengine.model.FieldDescriptor","name":"id","className":"Long","nameCamelCase":"id","namePascalCase":"Id","isKey":true},{"_type":"org.uengine.model.FieldDescriptor","name":"RentalId","namePascalCase":"RentalId","nameCamelCase":"rentalId","className":"String","isKey":false},{"_type":"org.uengine.model.FieldDescriptor","name":"RentalStatus","namePascalCase":"RentalStatus","nameCamelCase":"rentalStatus","className":"String","isKey":false}]},"boundedContext":{"id":"f46d3497-8453-56a9-7f34-deb811585860","name":"delivery"},"fieldDescriptors":[{"_type":"org.uengine.model.FieldDescriptor","name":"id","className":"Long","nameCamelCase":"id","namePascalCase":"Id","isKey":true},{"_type":"org.uengine.model.FieldDescriptor","name":"RentalId","namePascalCase":"RentalId","nameCamelCase":"rentalId","className":"String","isKey":false},{"_type":"org.uengine.model.FieldDescriptor","name":"RentalStatus","namePascalCase":"RentalStatus","nameCamelCase":"rentalStatus","className":"String","isKey":false}],"elementView":{"_type":"org.uengine.modeling.model.Event","id":"6cdc8bce-7198-086b-aaea-115c42ac169c","x":1268,"y":207,"width":152,"height":74,"style":"{}","angle":0},"alertURL":"/static/image/symbol/alert-icon.png","checkAlert":true,"relationPolicyInfo":[{"relationId":"2aac7491-6960-6ea1-7310-a5741d38daa2","policyValue":{"_type":"org.uengine.modeling.model.Policy","name":"대여상태변경","namePascalCase":"대여상태변경","nameCamelCase":"대여상태변경","namePlural":"대여상태변경","aggregate":{},"boundedContext":{"id":"7922b649-d65a-9961-92cd-5e76824514cd","name":"rental"},"alertURL":"/static/image/symbol/alert-icon.png","elementView":{"_type":"org.uengine.modeling.model.Policy","id":"22f5c6d8-226c-1bbc-ac94-8c6c00502500","x":664,"y":167,"width":100,"height":100,"style":"{}"},"editing":false,"relationEventInfo":[{"relationId":"2aac7491-6960-6ea1-7310-a5741d38daa2","eventValue":{"_type":"org.uengine.modeling.model.Event","name":"DeliveryStarted","namePascalCase":"DeliveryStarted","nameCamelCase":"deliveryStarted","namePlural":"deliveryStarteds","aggregate":{},"boundedContext":{"id":"f46d3497-8453-56a9-7f34-deb811585860","name":"delivery"},"fieldDescriptors":[{"_type":"org.uengine.model.FieldDescriptor","name":"id","className":"Long","nameCamelCase":"id","namePascalCase":"Id","isKey":true}],"elementView":{"_type":"org.uengine.modeling.model.Event","id":"6cdc8bce-7198-086b-aaea-115c42ac169c","x":1268,"y":203,"width":152,"height":74,"style":"{}","angle":0},"alertURL":"/static/image/symbol/alert-icon.png","checkAlert":true,"relationPolicyInfo":[{"relationId":"2aac7491-6960-6ea1-7310-a5741d38daa2","policyValue":{"_type":"org.uengine.modeling.model.Policy","name":"대여상태변경","namePascalCase":"대여상태변경","nameCamelCase":"대여상태변경","namePlural":"대여상태변경","aggregate":{},"boundedContext":{"id":"7922b649-d65a-9961-92cd-5e76824514cd","name":"rental"},"alertURL":"/static/image/symbol/alert-icon.png","elementView":{"_type":"org.uengine.modeling.model.Policy","id":"22f5c6d8-226c-1bbc-ac94-8c6c00502500","x":664,"y":167,"width":100,"height":100,"style":"{}"},"editing":false,"relationEventInfo":[]}}],"relationCommandInfo":[],"trigger":"@PrePersist","editing":false}},{"relationId":"d26fc8e7-6cf3-3af4-67a4-9bef174dcda0","eventValue":{"_type":"org.uengine.modeling.model.Event","name":"DeliveryFinished","namePascalCase":"DeliveryFinished","nameCamelCase":"deliveryFinished","namePlural":"deliveryFinisheds","aggregate":{},"boundedContext":{"id":"f46d3497-8453-56a9-7f34-deb811585860","name":"delivery"},"fieldDescriptors":[{"_type":"org.uengine.model.FieldDescriptor","name":"id","className":"Long","nameCamelCase":"id","namePascalCase":"Id","isKey":true}],"elementView":{"_type":"org.uengine.modeling.model.Event","id":"f2f685a0-eb77-e019-2d72-75b19eac7d45","x":1269,"y":364,"width":150,"height":64,"style":"{}","angle":0},"alertURL":"/static/image/symbol/alert-icon.png","checkAlert":true,"relationPolicyInfo":[{"relationId":"d26fc8e7-6cf3-3af4-67a4-9bef174dcda0","policyValue":{"_type":"org.uengine.modeling.model.Policy","name":"대여상태변경","namePascalCase":"대여상태변경","nameCamelCase":"대여상태변경","namePlural":"대여상태변경","aggregate":{},"boundedContext":{"id":"7922b649-d65a-9961-92cd-5e76824514cd","name":"rental"},"alertURL":"/static/image/symbol/alert-icon.png","elementView":{"_type":"org.uengine.modeling.model.Policy","id":"22f5c6d8-226c-1bbc-ac94-8c6c00502500","x":664,"y":167,"width":100,"height":100,"style":"{}"},"editing":false,"relationEventInfo":[{"relationId":"2aac7491-6960-6ea1-7310-a5741d38daa2","eventValue":{"_type":"org.uengine.modeling.model.Event","name":"DeliveryStarted","namePascalCase":"DeliveryStarted","nameCamelCase":"deliveryStarted","namePlural":"deliveryStarteds","aggregate":{},"boundedContext":{"id":"f46d3497-8453-56a9-7f34-deb811585860","name":"delivery"},"fieldDescriptors":[{"_type":"org.uengine.model.FieldDescriptor","name":"id","className":"Long","nameCamelCase":"id","namePascalCase":"Id","isKey":true}],"elementView":{"_type":"org.uengine.modeling.model.Event","id":"6cdc8bce-7198-086b-aaea-115c42ac169c","x":1268,"y":203,"width":152,"height":74,"style":"{}","angle":0},"alertURL":"/static/image/symbol/alert-icon.png","checkAlert":true,"relationPolicyInfo":[{"relationId":"2aac7491-6960-6ea1-7310-a5741d38daa2","policyValue":{"_type":"org.uengine.modeling.model.Policy","name":"대여상태변경","namePascalCase":"대여상태변경","nameCamelCase":"대여상태변경","namePlural":"대여상태변경","aggregate":{},"boundedContext":{"id":"7922b649-d65a-9961-92cd-5e76824514cd","name":"rental"},"alertURL":"/static/image/symbol/alert-icon.png","elementView":{"_type":"org.uengine.modeling.model.Policy","id":"22f5c6d8-226c-1bbc-ac94-8c6c00502500","x":664,"y":167,"width":100,"height":100,"style":"{}"},"editing":false,"relationEventInfo":[]}}],"relationCommandInfo":[],"trigger":"@PrePersist","editing":false}}]}}],"relationCommandInfo":[],"trigger":"@PrePersist","editing":false}}]}}],"relationCommandInfo":[],"trigger":"@PrePersist","editing":false,"options":{"package":"bookRental","packagePath":"src/main/java/bookRental"}},"targetElement":{"_type":"org.uengine.modeling.model.Policy","name":"대여상태변경","namePascalCase":"대여상태변경","nameCamelCase":"대여상태변경","namePlural":"대여상태변경","aggregate":{},"boundedContext":{"id":"7922b649-d65a-9961-92cd-5e76824514cd","name":"rental"},"alertURL":"/static/image/symbol/alert-icon.png","elementView":{"_type":"org.uengine.modeling.model.Policy","id":"22f5c6d8-226c-1bbc-ac94-8c6c00502500","x":640,"y":171,"width":100,"height":100,"style":"{}"},"editing":false,"relationEventInfo":[{"relationId":"2aac7491-6960-6ea1-7310-a5741d38daa2","eventValue":{"_type":"org.uengine.modeling.model.Event","name":"DeliveryStarted","namePascalCase":"DeliveryStarted","nameCamelCase":"deliveryStarted","namePlural":"deliveryStarteds","aggregate":{"id":"a96e07ce-1579-6894-772c-26f8d6cb3dc1","name":"DeliveryManagement","namePlural":"deliveryManagements","namePascalCase":"DeliveryManagement","nameCamelCase":"deliveryManagement","boundedContext":{"id":"f46d3497-8453-56a9-7f34-deb811585860","name":"delivery"},"fieldDescriptors":[{"_type":"org.uengine.model.FieldDescriptor","name":"id","className":"Long","nameCamelCase":"id","namePascalCase":"Id","isKey":true},{"_type":"org.uengine.model.FieldDescriptor","name":"RentalId","namePascalCase":"RentalId","nameCamelCase":"rentalId","className":"String","isKey":false},{"_type":"org.uengine.model.FieldDescriptor","name":"RentalStatus","namePascalCase":"RentalStatus","nameCamelCase":"rentalStatus","className":"String","isKey":false}]},"boundedContext":{"id":"f46d3497-8453-56a9-7f34-deb811585860","name":"delivery"},"fieldDescriptors":[{"_type":"org.uengine.model.FieldDescriptor","name":"id","className":"Long","nameCamelCase":"id","namePascalCase":"Id","isKey":true},{"_type":"org.uengine.model.FieldDescriptor","name":"RentalId","namePascalCase":"RentalId","nameCamelCase":"rentalId","className":"String","isKey":false},{"_type":"org.uengine.model.FieldDescriptor","name":"RentalStatus","namePascalCase":"RentalStatus","nameCamelCase":"rentalStatus","className":"String","isKey":false}],"elementView":{"_type":"org.uengine.modeling.model.Event","id":"6cdc8bce-7198-086b-aaea-115c42ac169c","x":1268,"y":207,"width":152,"height":74,"style":"{}","angle":0},"alertURL":"/static/image/symbol/alert-icon.png","checkAlert":true,"relationPolicyInfo":[{"relationId":"2aac7491-6960-6ea1-7310-a5741d38daa2","policyValue":{"_type":"org.uengine.modeling.model.Policy","name":"대여상태변경","namePascalCase":"대여상태변경","nameCamelCase":"대여상태변경","namePlural":"대여상태변경","aggregate":{},"boundedContext":{"id":"7922b649-d65a-9961-92cd-5e76824514cd","name":"rental"},"alertURL":"/static/image/symbol/alert-icon.png","elementView":{"_type":"org.uengine.modeling.model.Policy","id":"22f5c6d8-226c-1bbc-ac94-8c6c00502500","x":664,"y":167,"width":100,"height":100,"style":"{}"},"editing":false,"relationEventInfo":[{"relationId":"2aac7491-6960-6ea1-7310-a5741d38daa2","eventValue":{"_type":"org.uengine.modeling.model.Event","name":"DeliveryStarted","namePascalCase":"DeliveryStarted","nameCamelCase":"deliveryStarted","namePlural":"deliveryStarteds","aggregate":{},"boundedContext":{"id":"f46d3497-8453-56a9-7f34-deb811585860","name":"delivery"},"fieldDescriptors":[{"_type":"org.uengine.model.FieldDescriptor","name":"id","className":"Long","nameCamelCase":"id","namePascalCase":"Id","isKey":true}],"elementView":{"_type":"org.uengine.modeling.model.Event","id":"6cdc8bce-7198-086b-aaea-115c42ac169c","x":1268,"y":203,"width":152,"height":74,"style":"{}","angle":0},"alertURL":"/static/image/symbol/alert-icon.png","checkAlert":true,"relationPolicyInfo":[{"relationId":"2aac7491-6960-6ea1-7310-a5741d38daa2","policyValue":{"_type":"org.uengine.modeling.model.Policy","name":"대여상태변경","namePascalCase":"대여상태변경","nameCamelCase":"대여상태변경","namePlural":"대여상태변경","aggregate":{},"boundedContext":{"id":"7922b649-d65a-9961-92cd-5e76824514cd","name":"rental"},"alertURL":"/static/image/symbol/alert-icon.png","elementView":{"_type":"org.uengine.modeling.model.Policy","id":"22f5c6d8-226c-1bbc-ac94-8c6c00502500","x":664,"y":167,"width":100,"height":100,"style":"{}"},"editing":false,"relationEventInfo":[]}}],"relationCommandInfo":[],"trigger":"@PrePersist","editing":false}},{"relationId":"d26fc8e7-6cf3-3af4-67a4-9bef174dcda0","eventValue":{"_type":"org.uengine.modeling.model.Event","name":"DeliveryFinished","namePascalCase":"DeliveryFinished","nameCamelCase":"deliveryFinished","namePlural":"deliveryFinisheds","aggregate":{},"boundedContext":{"id":"f46d3497-8453-56a9-7f34-deb811585860","name":"delivery"},"fieldDescriptors":[{"_type":"org.uengine.model.FieldDescriptor","name":"id","className":"Long","nameCamelCase":"id","namePascalCase":"Id","isKey":true}],"elementView":{"_type":"org.uengine.modeling.model.Event","id":"f2f685a0-eb77-e019-2d72-75b19eac7d45","x":1269,"y":364,"width":150,"height":64,"style":"{}","angle":0},"alertURL":"/static/image/symbol/alert-icon.png","checkAlert":true,"relationPolicyInfo":[{"relationId":"d26fc8e7-6cf3-3af4-67a4-9bef174dcda0","policyValue":{"_type":"org.uengine.modeling.model.Policy","name":"대여상태변경","namePascalCase":"대여상태변경","nameCamelCase":"대여상태변경","namePlural":"대여상태변경","aggregate":{},"boundedContext":{"id":"7922b649-d65a-9961-92cd-5e76824514cd","name":"rental"},"alertURL":"/static/image/symbol/alert-icon.png","elementView":{"_type":"org.uengine.modeling.model.Policy","id":"22f5c6d8-226c-1bbc-ac94-8c6c00502500","x":664,"y":167,"width":100,"height":100,"style":"{}"},"editing":false,"relationEventInfo":[{"relationId":"2aac7491-6960-6ea1-7310-a5741d38daa2","eventValue":{"_type":"org.uengine.modeling.model.Event","name":"DeliveryStarted","namePascalCase":"DeliveryStarted","nameCamelCase":"deliveryStarted","namePlural":"deliveryStarteds","aggregate":{},"boundedContext":{"id":"f46d3497-8453-56a9-7f34-deb811585860","name":"delivery"},"fieldDescriptors":[{"_type":"org.uengine.model.FieldDescriptor","name":"id","className":"Long","nameCamelCase":"id","namePascalCase":"Id","isKey":true}],"elementView":{"_type":"org.uengine.modeling.model.Event","id":"6cdc8bce-7198-086b-aaea-115c42ac169c","x":1268,"y":203,"width":152,"height":74,"style":"{}","angle":0},"alertURL":"/static/image/symbol/alert-icon.png","checkAlert":true,"relationPolicyInfo":[{"relationId":"2aac7491-6960-6ea1-7310-a5741d38daa2","policyValue":{"_type":"org.uengine.modeling.model.Policy","name":"대여상태변경","namePascalCase":"대여상태변경","nameCamelCase":"대여상태변경","namePlural":"대여상태변경","aggregate":{},"boundedContext":{"id":"7922b649-d65a-9961-92cd-5e76824514cd","name":"rental"},"alertURL":"/static/image/symbol/alert-icon.png","elementView":{"_type":"org.uengine.modeling.model.Policy","id":"22f5c6d8-226c-1bbc-ac94-8c6c00502500","x":664,"y":167,"width":100,"height":100,"style":"{}"},"editing":false,"relationEventInfo":[]}}],"relationCommandInfo":[],"trigger":"@PrePersist","editing":false}}]}}],"relationCommandInfo":[],"trigger":"@PrePersist","editing":false}}]}}],"relationCommandInfo":[],"trigger":"@PrePersist","editing":false,"options":{"package":"bookRental","packagePath":"src/main/java/bookRental"}}},{"relationId":"d26fc8e7-6cf3-3af4-67a4-9bef174dcda0","eventValue":{"_type":"org.uengine.modeling.model.Event","name":"DeliveryFinished","namePascalCase":"DeliveryFinished","nameCamelCase":"deliveryFinished","namePlural":"deliveryFinisheds","aggregate":{},"boundedContext":{"id":"f46d3497-8453-56a9-7f34-deb811585860","name":"delivery"},"fieldDescriptors":[{"_type":"org.uengine.model.FieldDescriptor","name":"id","className":"Long","nameCamelCase":"id","namePascalCase":"Id","isKey":true}],"elementView":{"_type":"org.uengine.modeling.model.Event","id":"f2f685a0-eb77-e019-2d72-75b19eac7d45","x":1269,"y":364,"width":150,"height":64,"style":"{}","angle":0},"alertURL":"/static/image/symbol/alert-icon.png","checkAlert":true,"relationPolicyInfo":[{"relationId":"d26fc8e7-6cf3-3af4-67a4-9bef174dcda0","policyValue":{"_type":"org.uengine.modeling.model.Policy","name":"대여상태변경","namePascalCase":"대여상태변경","nameCamelCase":"대여상태변경","namePlural":"대여상태변경","aggregate":{},"boundedContext":{"id":"7922b649-d65a-9961-92cd-5e76824514cd","name":"rental"},"alertURL":"/static/image/symbol/alert-icon.png","elementView":{"_type":"org.uengine.modeling.model.Policy","id":"22f5c6d8-226c-1bbc-ac94-8c6c00502500","x":664,"y":167,"width":100,"height":100,"style":"{}"},"editing":false,"relationEventInfo":[{"relationId":"2aac7491-6960-6ea1-7310-a5741d38daa2","eventValue":{"_type":"org.uengine.modeling.model.Event","name":"DeliveryStarted","namePascalCase":"DeliveryStarted","nameCamelCase":"deliveryStarted","namePlural":"deliveryStarteds","aggregate":{},"boundedContext":{"id":"f46d3497-8453-56a9-7f34-deb811585860","name":"delivery"},"fieldDescriptors":[{"_type":"org.uengine.model.FieldDescriptor","name":"id","className":"Long","nameCamelCase":"id","namePascalCase":"Id","isKey":true}],"elementView":{"_type":"org.uengine.modeling.model.Event","id":"6cdc8bce-7198-086b-aaea-115c42ac169c","x":1268,"y":203,"width":152,"height":74,"style":"{}","angle":0},"alertURL":"/static/image/symbol/alert-icon.png","checkAlert":true,"relationPolicyInfo":[{"relationId":"2aac7491-6960-6ea1-7310-a5741d38daa2","policyValue":{"_type":"org.uengine.modeling.model.Policy","name":"대여상태변경","namePascalCase":"대여상태변경","nameCamelCase":"대여상태변경","namePlural":"대여상태변경","aggregate":{},"boundedContext":{"id":"7922b649-d65a-9961-92cd-5e76824514cd","name":"rental"},"alertURL":"/static/image/symbol/alert-icon.png","elementView":{"_type":"org.uengine.modeling.model.Policy","id":"22f5c6d8-226c-1bbc-ac94-8c6c00502500","x":664,"y":167,"width":100,"height":100,"style":"{}"},"editing":false,"relationEventInfo":[]}}],"relationCommandInfo":[],"trigger":"@PrePersist","editing":false}},{"relationId":"d26fc8e7-6cf3-3af4-67a4-9bef174dcda0","eventValue":{"_type":"org.uengine.modeling.model.Event","name":"DeliveryFinished","namePascalCase":"DeliveryFinished","nameCamelCase":"deliveryFinished","namePlural":"deliveryFinisheds","aggregate":{},"boundedContext":{"id":"f46d3497-8453-56a9-7f34-deb811585860","name":"delivery"},"fieldDescriptors":[{"_type":"org.uengine.model.FieldDescriptor","name":"id","className":"Long","nameCamelCase":"id","namePascalCase":"Id","isKey":true}],"elementView":{"_type":"org.uengine.modeling.model.Event","id":"f2f685a0-eb77-e019-2d72-75b19eac7d45","x":1269,"y":364,"width":150,"height":64,"style":"{}","angle":0},"alertURL":"/static/image/symbol/alert-icon.png","checkAlert":true,"relationPolicyInfo":[{"relationId":"d26fc8e7-6cf3-3af4-67a4-9bef174dcda0","policyValue":{"_type":"org.uengine.modeling.model.Policy","name":"대여상태변경","namePascalCase":"대여상태변경","nameCamelCase":"대여상태변경","namePlural":"대여상태변경","aggregate":{},"boundedContext":{"id":"7922b649-d65a-9961-92cd-5e76824514cd","name":"rental"},"alertURL":"/static/image/symbol/alert-icon.png","elementView":{"_type":"org.uengine.modeling.model.Policy","id":"22f5c6d8-226c-1bbc-ac94-8c6c00502500","x":664,"y":167,"width":100,"height":100,"style":"{}"},"editing":false,"relationEventInfo":[{"relationId":"2aac7491-6960-6ea1-7310-a5741d38daa2","eventValue":{"_type":"org.uengine.modeling.model.Event","name":"DeliveryStarted","namePascalCase":"DeliveryStarted","nameCamelCase":"deliveryStarted","namePlural":"deliveryStarteds","aggregate":{},"boundedContext":{"id":"f46d3497-8453-56a9-7f34-deb811585860","name":"delivery"},"fieldDescriptors":[{"_type":"org.uengine.model.FieldDescriptor","name":"id","className":"Long","nameCamelCase":"id","namePascalCase":"Id","isKey":true}],"elementView":{"_type":"org.uengine.modeling.model.Event","id":"6cdc8bce-7198-086b-aaea-115c42ac169c","x":1268,"y":203,"width":152,"height":74,"style":"{}","angle":0},"alertURL":"/static/image/symbol/alert-icon.png","checkAlert":true,"relationPolicyInfo":[{"relationId":"2aac7491-6960-6ea1-7310-a5741d38daa2","policyValue":{"_type":"org.uengine.modeling.model.Policy","name":"대여상태변경","namePascalCase":"대여상태변경","nameCamelCase":"대여상태변경","namePlural":"대여상태변경","aggregate":{},"boundedContext":{"id":"7922b649-d65a-9961-92cd-5e76824514cd","name":"rental"},"alertURL":"/static/image/symbol/alert-icon.png","elementView":{"_type":"org.uengine.modeling.model.Policy","id":"22f5c6d8-226c-1bbc-ac94-8c6c00502500","x":664,"y":167,"width":100,"height":100,"style":"{}"},"editing":false,"relationEventInfo":[]}}],"relationCommandInfo":[],"trigger":"@PrePersist","editing":false}}]}}],"relationCommandInfo":[],"trigger":"@PrePersist","editing":false}}]}}],"relationCommandInfo":[],"trigger":"@PostUpdate","editing":false,"options":{"package":"bookRental","packagePath":"src/main/java/bookRental"}}}]},"from":"6cdc8bce-7198-086b-aaea-115c42ac169c","to":"22f5c6d8-226c-1bbc-ac94-8c6c00502500","relationView":{"id":"2aac7491-6960-6ea1-7310-a5741d38daa2","style":"{\"arrow-start\":\"none\",\"arrow-end\":\"none\"}","value":"[[1268,170],[1268,96],[640,96],[640,121]]","from":"6cdc8bce-7198-086b-aaea-115c42ac169c","to":"22f5c6d8-226c-1bbc-ac94-8c6c00502500","needReconnect":true},"sourceMultiplicity":1,"targetMultiplicity":1},{"_type":"org.uengine.modeling.model.Relation","name":"Pub/Sub","sourceElement":{"_type":"org.uengine.modeling.model.Event","name":"DeliveryFinished","namePascalCase":"DeliveryFinished","nameCamelCase":"deliveryFinished","namePlural":"deliveryFinisheds","aggregate":{},"boundedContext":{"id":"f46d3497-8453-56a9-7f34-deb811585860","name":"delivery"},"fieldDescriptors":[{"_type":"org.uengine.model.FieldDescriptor","name":"id","className":"Long","nameCamelCase":"id","namePascalCase":"Id","isKey":true}],"elementView":{"_type":"org.uengine.modeling.model.Event","id":"f2f685a0-eb77-e019-2d72-75b19eac7d45","x":1269,"y":364,"width":150,"height":64,"style":"{}","angle":0},"alertURL":"/static/image/symbol/alert-icon.png","checkAlert":true,"relationPolicyInfo":[{"relationId":"d26fc8e7-6cf3-3af4-67a4-9bef174dcda0","policyValue":{"_type":"org.uengine.modeling.model.Policy","name":"대여상태변경","namePascalCase":"대여상태변경","nameCamelCase":"대여상태변경","namePlural":"대여상태변경","aggregate":{},"boundedContext":{"id":"7922b649-d65a-9961-92cd-5e76824514cd","name":"rental"},"alertURL":"/static/image/symbol/alert-icon.png","elementView":{"_type":"org.uengine.modeling.model.Policy","id":"22f5c6d8-226c-1bbc-ac94-8c6c00502500","x":664,"y":167,"width":100,"height":100,"style":"{}"},"editing":false,"relationEventInfo":[{"relationId":"2aac7491-6960-6ea1-7310-a5741d38daa2","eventValue":{"_type":"org.uengine.modeling.model.Event","name":"DeliveryStarted","namePascalCase":"DeliveryStarted","nameCamelCase":"deliveryStarted","namePlural":"deliveryStarteds","aggregate":{},"boundedContext":{"id":"f46d3497-8453-56a9-7f34-deb811585860","name":"delivery"},"fieldDescriptors":[{"_type":"org.uengine.model.FieldDescriptor","name":"id","className":"Long","nameCamelCase":"id","namePascalCase":"Id","isKey":true}],"elementView":{"_type":"org.uengine.modeling.model.Event","id":"6cdc8bce-7198-086b-aaea-115c42ac169c","x":1268,"y":203,"width":152,"height":74,"style":"{}","angle":0},"alertURL":"/static/image/symbol/alert-icon.png","checkAlert":true,"relationPolicyInfo":[{"relationId":"2aac7491-6960-6ea1-7310-a5741d38daa2","policyValue":{"_type":"org.uengine.modeling.model.Policy","name":"대여상태변경","namePascalCase":"대여상태변경","nameCamelCase":"대여상태변경","namePlural":"대여상태변경","aggregate":{},"boundedContext":{"id":"7922b649-d65a-9961-92cd-5e76824514cd","name":"rental"},"alertURL":"/static/image/symbol/alert-icon.png","elementView":{"_type":"org.uengine.modeling.model.Policy","id":"22f5c6d8-226c-1bbc-ac94-8c6c00502500","x":664,"y":167,"width":100,"height":100,"style":"{}"},"editing":false,"relationEventInfo":[]}}],"relationCommandInfo":[],"trigger":"@PrePersist","editing":false}},{"relationId":"d26fc8e7-6cf3-3af4-67a4-9bef174dcda0","eventValue":{"_type":"org.uengine.modeling.model.Event","name":"DeliveryFinished","namePascalCase":"DeliveryFinished","nameCamelCase":"deliveryFinished","namePlural":"deliveryFinisheds","aggregate":{},"boundedContext":{"id":"f46d3497-8453-56a9-7f34-deb811585860","name":"delivery"},"fieldDescriptors":[{"_type":"org.uengine.model.FieldDescriptor","name":"id","className":"Long","nameCamelCase":"id","namePascalCase":"Id","isKey":true}],"elementView":{"_type":"org.uengine.modeling.model.Event","id":"f2f685a0-eb77-e019-2d72-75b19eac7d45","x":1269,"y":364,"width":150,"height":64,"style":"{}","angle":0},"alertURL":"/static/image/symbol/alert-icon.png","checkAlert":true,"relationPolicyInfo":[{"relationId":"d26fc8e7-6cf3-3af4-67a4-9bef174dcda0","policyValue":{"_type":"org.uengine.modeling.model.Policy","name":"대여상태변경","namePascalCase":"대여상태변경","nameCamelCase":"대여상태변경","namePlural":"대여상태변경","aggregate":{},"boundedContext":{"id":"7922b649-d65a-9961-92cd-5e76824514cd","name":"rental"},"alertURL":"/static/image/symbol/alert-icon.png","elementView":{"_type":"org.uengine.modeling.model.Policy","id":"22f5c6d8-226c-1bbc-ac94-8c6c00502500","x":664,"y":167,"width":100,"height":100,"style":"{}"},"editing":false,"relationEventInfo":[{"relationId":"2aac7491-6960-6ea1-7310-a5741d38daa2","eventValue":{"_type":"org.uengine.modeling.model.Event","name":"DeliveryStarted","namePascalCase":"DeliveryStarted","nameCamelCase":"deliveryStarted","namePlural":"deliveryStarteds","aggregate":{},"boundedContext":{"id":"f46d3497-8453-56a9-7f34-deb811585860","name":"delivery"},"fieldDescriptors":[{"_type":"org.uengine.model.FieldDescriptor","name":"id","className":"Long","nameCamelCase":"id","namePascalCase":"Id","isKey":true}],"elementView":{"_type":"org.uengine.modeling.model.Event","id":"6cdc8bce-7198-086b-aaea-115c42ac169c","x":1268,"y":203,"width":152,"height":74,"style":"{}","angle":0},"alertURL":"/static/image/symbol/alert-icon.png","checkAlert":true,"relationPolicyInfo":[{"relationId":"2aac7491-6960-6ea1-7310-a5741d38daa2","policyValue":{"_type":"org.uengine.modeling.model.Policy","name":"대여상태변경","namePascalCase":"대여상태변경","nameCamelCase":"대여상태변경","namePlural":"대여상태변경","aggregate":{},"boundedContext":{"id":"7922b649-d65a-9961-92cd-5e76824514cd","name":"rental"},"alertURL":"/static/image/symbol/alert-icon.png","elementView":{"_type":"org.uengine.modeling.model.Policy","id":"22f5c6d8-226c-1bbc-ac94-8c6c00502500","x":664,"y":167,"width":100,"height":100,"style":"{}"},"editing":false,"relationEventInfo":[]}}],"relationCommandInfo":[],"trigger":"@PrePersist","editing":false}}]}}],"relationCommandInfo":[],"trigger":"@PrePersist","editing":false}}]}}],"relationCommandInfo":[],"trigger":"@PostUpdate","editing":false,"options":{"package":"bookRental","packagePath":"src/main/java/bookRental"}},"targetElement":{"_type":"org.uengine.modeling.model.Policy","name":"대여상태변경","namePascalCase":"대여상태변경","nameCamelCase":"대여상태변경","namePlural":"대여상태변경","aggregate":{},"boundedContext":{"id":"7922b649-d65a-9961-92cd-5e76824514cd","name":"rental"},"alertURL":"/static/image/symbol/alert-icon.png","elementView":{"_type":"org.uengine.modeling.model.Policy","id":"22f5c6d8-226c-1bbc-ac94-8c6c00502500","x":640,"y":171,"width":100,"height":100,"style":"{}"},"editing":false,"relationEventInfo":[{"relationId":"2aac7491-6960-6ea1-7310-a5741d38daa2","eventValue":{"_type":"org.uengine.modeling.model.Event","name":"DeliveryStarted","namePascalCase":"DeliveryStarted","nameCamelCase":"deliveryStarted","namePlural":"deliveryStarteds","aggregate":{"id":"a96e07ce-1579-6894-772c-26f8d6cb3dc1","name":"DeliveryManagement","namePlural":"deliveryManagements","namePascalCase":"DeliveryManagement","nameCamelCase":"deliveryManagement","boundedContext":{"id":"f46d3497-8453-56a9-7f34-deb811585860","name":"delivery"},"fieldDescriptors":[{"_type":"org.uengine.model.FieldDescriptor","name":"id","className":"Long","nameCamelCase":"id","namePascalCase":"Id","isKey":true},{"_type":"org.uengine.model.FieldDescriptor","name":"RentalId","namePascalCase":"RentalId","nameCamelCase":"rentalId","className":"String","isKey":false},{"_type":"org.uengine.model.FieldDescriptor","name":"RentalStatus","namePascalCase":"RentalStatus","nameCamelCase":"rentalStatus","className":"String","isKey":false}]},"boundedContext":{"id":"f46d3497-8453-56a9-7f34-deb811585860","name":"delivery"},"fieldDescriptors":[{"_type":"org.uengine.model.FieldDescriptor","name":"id","className":"Long","nameCamelCase":"id","namePascalCase":"Id","isKey":true},{"_type":"org.uengine.model.FieldDescriptor","name":"RentalId","namePascalCase":"RentalId","nameCamelCase":"rentalId","className":"String","isKey":false},{"_type":"org.uengine.model.FieldDescriptor","name":"RentalStatus","namePascalCase":"RentalStatus","nameCamelCase":"rentalStatus","className":"String","isKey":false}],"elementView":{"_type":"org.uengine.modeling.model.Event","id":"6cdc8bce-7198-086b-aaea-115c42ac169c","x":1268,"y":207,"width":152,"height":74,"style":"{}","angle":0},"alertURL":"/static/image/symbol/alert-icon.png","checkAlert":true,"relationPolicyInfo":[{"relationId":"2aac7491-6960-6ea1-7310-a5741d38daa2","policyValue":{"_type":"org.uengine.modeling.model.Policy","name":"대여상태변경","namePascalCase":"대여상태변경","nameCamelCase":"대여상태변경","namePlural":"대여상태변경","aggregate":{},"boundedContext":{"id":"7922b649-d65a-9961-92cd-5e76824514cd","name":"rental"},"alertURL":"/static/image/symbol/alert-icon.png","elementView":{"_type":"org.uengine.modeling.model.Policy","id":"22f5c6d8-226c-1bbc-ac94-8c6c00502500","x":664,"y":167,"width":100,"height":100,"style":"{}"},"editing":false,"relationEventInfo":[{"relationId":"2aac7491-6960-6ea1-7310-a5741d38daa2","eventValue":{"_type":"org.uengine.modeling.model.Event","name":"DeliveryStarted","namePascalCase":"DeliveryStarted","nameCamelCase":"deliveryStarted","namePlural":"deliveryStarteds","aggregate":{},"boundedContext":{"id":"f46d3497-8453-56a9-7f34-deb811585860","name":"delivery"},"fieldDescriptors":[{"_type":"org.uengine.model.FieldDescriptor","name":"id","className":"Long","nameCamelCase":"id","namePascalCase":"Id","isKey":true}],"elementView":{"_type":"org.uengine.modeling.model.Event","id":"6cdc8bce-7198-086b-aaea-115c42ac169c","x":1268,"y":203,"width":152,"height":74,"style":"{}","angle":0},"alertURL":"/static/image/symbol/alert-icon.png","checkAlert":true,"relationPolicyInfo":[{"relationId":"2aac7491-6960-6ea1-7310-a5741d38daa2","policyValue":{"_type":"org.uengine.modeling.model.Policy","name":"대여상태변경","namePascalCase":"대여상태변경","nameCamelCase":"대여상태변경","namePlural":"대여상태변경","aggregate":{},"boundedContext":{"id":"7922b649-d65a-9961-92cd-5e76824514cd","name":"rental"},"alertURL":"/static/image/symbol/alert-icon.png","elementView":{"_type":"org.uengine.modeling.model.Policy","id":"22f5c6d8-226c-1bbc-ac94-8c6c00502500","x":664,"y":167,"width":100,"height":100,"style":"{}"},"editing":false,"relationEventInfo":[]}}],"relationCommandInfo":[],"trigger":"@PrePersist","editing":false}},{"relationId":"d26fc8e7-6cf3-3af4-67a4-9bef174dcda0","eventValue":{"_type":"org.uengine.modeling.model.Event","name":"DeliveryFinished","namePascalCase":"DeliveryFinished","nameCamelCase":"deliveryFinished","namePlural":"deliveryFinisheds","aggregate":{},"boundedContext":{"id":"f46d3497-8453-56a9-7f34-deb811585860","name":"delivery"},"fieldDescriptors":[{"_type":"org.uengine.model.FieldDescriptor","name":"id","className":"Long","nameCamelCase":"id","namePascalCase":"Id","isKey":true}],"elementView":{"_type":"org.uengine.modeling.model.Event","id":"f2f685a0-eb77-e019-2d72-75b19eac7d45","x":1269,"y":364,"width":150,"height":64,"style":"{}","angle":0},"alertURL":"/static/image/symbol/alert-icon.png","checkAlert":true,"relationPolicyInfo":[{"relationId":"d26fc8e7-6cf3-3af4-67a4-9bef174dcda0","policyValue":{"_type":"org.uengine.modeling.model.Policy","name":"대여상태변경","namePascalCase":"대여상태변경","nameCamelCase":"대여상태변경","namePlural":"대여상태변경","aggregate":{},"boundedContext":{"id":"7922b649-d65a-9961-92cd-5e76824514cd","name":"rental"},"alertURL":"/static/image/symbol/alert-icon.png","elementView":{"_type":"org.uengine.modeling.model.Policy","id":"22f5c6d8-226c-1bbc-ac94-8c6c00502500","x":664,"y":167,"width":100,"height":100,"style":"{}"},"editing":false,"relationEventInfo":[{"relationId":"2aac7491-6960-6ea1-7310-a5741d38daa2","eventValue":{"_type":"org.uengine.modeling.model.Event","name":"DeliveryStarted","namePascalCase":"DeliveryStarted","nameCamelCase":"deliveryStarted","namePlural":"deliveryStarteds","aggregate":{},"boundedContext":{"id":"f46d3497-8453-56a9-7f34-deb811585860","name":"delivery"},"fieldDescriptors":[{"_type":"org.uengine.model.FieldDescriptor","name":"id","className":"Long","nameCamelCase":"id","namePascalCase":"Id","isKey":true}],"elementView":{"_type":"org.uengine.modeling.model.Event","id":"6cdc8bce-7198-086b-aaea-115c42ac169c","x":1268,"y":203,"width":152,"height":74,"style":"{}","angle":0},"alertURL":"/static/image/symbol/alert-icon.png","checkAlert":true,"relationPolicyInfo":[{"relationId":"2aac7491-6960-6ea1-7310-a5741d38daa2","policyValue":{"_type":"org.uengine.modeling.model.Policy","name":"대여상태변경","namePascalCase":"대여상태변경","nameCamelCase":"대여상태변경","namePlural":"대여상태변경","aggregate":{},"boundedContext":{"id":"7922b649-d65a-9961-92cd-5e76824514cd","name":"rental"},"alertURL":"/static/image/symbol/alert-icon.png","elementView":{"_type":"org.uengine.modeling.model.Policy","id":"22f5c6d8-226c-1bbc-ac94-8c6c00502500","x":664,"y":167,"width":100,"height":100,"style":"{}"},"editing":false,"relationEventInfo":[]}}],"relationCommandInfo":[],"trigger":"@PrePersist","editing":false}}]}}],"relationCommandInfo":[],"trigger":"@PrePersist","editing":false}}]}}],"relationCommandInfo":[],"trigger":"@PrePersist","editing":false,"options":{"package":"bookRental","packagePath":"src/main/java/bookRental"}}},{"relationId":"d26fc8e7-6cf3-3af4-67a4-9bef174dcda0","eventValue":{"_type":"org.uengine.modeling.model.Event","name":"DeliveryFinished","namePascalCase":"DeliveryFinished","nameCamelCase":"deliveryFinished","namePlural":"deliveryFinisheds","aggregate":{},"boundedContext":{"id":"f46d3497-8453-56a9-7f34-deb811585860","name":"delivery"},"fieldDescriptors":[{"_type":"org.uengine.model.FieldDescriptor","name":"id","className":"Long","nameCamelCase":"id","namePascalCase":"Id","isKey":true}],"elementView":{"_type":"org.uengine.modeling.model.Event","id":"f2f685a0-eb77-e019-2d72-75b19eac7d45","x":1269,"y":364,"width":150,"height":64,"style":"{}","angle":0},"alertURL":"/static/image/symbol/alert-icon.png","checkAlert":true,"relationPolicyInfo":[{"relationId":"d26fc8e7-6cf3-3af4-67a4-9bef174dcda0","policyValue":{"_type":"org.uengine.modeling.model.Policy","name":"대여상태변경","namePascalCase":"대여상태변경","nameCamelCase":"대여상태변경","namePlural":"대여상태변경","aggregate":{},"boundedContext":{"id":"7922b649-d65a-9961-92cd-5e76824514cd","name":"rental"},"alertURL":"/static/image/symbol/alert-icon.png","elementView":{"_type":"org.uengine.modeling.model.Policy","id":"22f5c6d8-226c-1bbc-ac94-8c6c00502500","x":664,"y":167,"width":100,"height":100,"style":"{}"},"editing":false,"relationEventInfo":[{"relationId":"2aac7491-6960-6ea1-7310-a5741d38daa2","eventValue":{"_type":"org.uengine.modeling.model.Event","name":"DeliveryStarted","namePascalCase":"DeliveryStarted","nameCamelCase":"deliveryStarted","namePlural":"deliveryStarteds","aggregate":{},"boundedContext":{"id":"f46d3497-8453-56a9-7f34-deb811585860","name":"delivery"},"fieldDescriptors":[{"_type":"org.uengine.model.FieldDescriptor","name":"id","className":"Long","nameCamelCase":"id","namePascalCase":"Id","isKey":true}],"elementView":{"_type":"org.uengine.modeling.model.Event","id":"6cdc8bce-7198-086b-aaea-115c42ac169c","x":1268,"y":203,"width":152,"height":74,"style":"{}","angle":0},"alertURL":"/static/image/symbol/alert-icon.png","checkAlert":true,"relationPolicyInfo":[{"relationId":"2aac7491-6960-6ea1-7310-a5741d38daa2","policyValue":{"_type":"org.uengine.modeling.model.Policy","name":"대여상태변경","namePascalCase":"대여상태변경","nameCamelCase":"대여상태변경","namePlural":"대여상태변경","aggregate":{},"boundedContext":{"id":"7922b649-d65a-9961-92cd-5e76824514cd","name":"rental"},"alertURL":"/static/image/symbol/alert-icon.png","elementView":{"_type":"org.uengine.modeling.model.Policy","id":"22f5c6d8-226c-1bbc-ac94-8c6c00502500","x":664,"y":167,"width":100,"height":100,"style":"{}"},"editing":false,"relationEventInfo":[]}}],"relationCommandInfo":[],"trigger":"@PrePersist","editing":false}},{"relationId":"d26fc8e7-6cf3-3af4-67a4-9bef174dcda0","eventValue":{"_type":"org.uengine.modeling.model.Event","name":"DeliveryFinished","namePascalCase":"DeliveryFinished","nameCamelCase":"deliveryFinished","namePlural":"deliveryFinisheds","aggregate":{},"boundedContext":{"id":"f46d3497-8453-56a9-7f34-deb811585860","name":"delivery"},"fieldDescriptors":[{"_type":"org.uengine.model.FieldDescriptor","name":"id","className":"Long","nameCamelCase":"id","namePascalCase":"Id","isKey":true}],"elementView":{"_type":"org.uengine.modeling.model.Event","id":"f2f685a0-eb77-e019-2d72-75b19eac7d45","x":1269,"y":364,"width":150,"height":64,"style":"{}","angle":0},"alertURL":"/static/image/symbol/alert-icon.png","checkAlert":true,"relationPolicyInfo":[{"relationId":"d26fc8e7-6cf3-3af4-67a4-9bef174dcda0","policyValue":{"_type":"org.uengine.modeling.model.Policy","name":"대여상태변경","namePascalCase":"대여상태변경","nameCamelCase":"대여상태변경","namePlural":"대여상태변경","aggregate":{},"boundedContext":{"id":"7922b649-d65a-9961-92cd-5e76824514cd","name":"rental"},"alertURL":"/static/image/symbol/alert-icon.png","elementView":{"_type":"org.uengine.modeling.model.Policy","id":"22f5c6d8-226c-1bbc-ac94-8c6c00502500","x":664,"y":167,"width":100,"height":100,"style":"{}"},"editing":false,"relationEventInfo":[{"relationId":"2aac7491-6960-6ea1-7310-a5741d38daa2","eventValue":{"_type":"org.uengine.modeling.model.Event","name":"DeliveryStarted","namePascalCase":"DeliveryStarted","nameCamelCase":"deliveryStarted","namePlural":"deliveryStarteds","aggregate":{},"boundedContext":{"id":"f46d3497-8453-56a9-7f34-deb811585860","name":"delivery"},"fieldDescriptors":[{"_type":"org.uengine.model.FieldDescriptor","name":"id","className":"Long","nameCamelCase":"id","namePascalCase":"Id","isKey":true}],"elementView":{"_type":"org.uengine.modeling.model.Event","id":"6cdc8bce-7198-086b-aaea-115c42ac169c","x":1268,"y":203,"width":152,"height":74,"style":"{}","angle":0},"alertURL":"/static/image/symbol/alert-icon.png","checkAlert":true,"relationPolicyInfo":[{"relationId":"2aac7491-6960-6ea1-7310-a5741d38daa2","policyValue":{"_type":"org.uengine.modeling.model.Policy","name":"대여상태변경","namePascalCase":"대여상태변경","nameCamelCase":"대여상태변경","namePlural":"대여상태변경","aggregate":{},"boundedContext":{"id":"7922b649-d65a-9961-92cd-5e76824514cd","name":"rental"},"alertURL":"/static/image/symbol/alert-icon.png","elementView":{"_type":"org.uengine.modeling.model.Policy","id":"22f5c6d8-226c-1bbc-ac94-8c6c00502500","x":664,"y":167,"width":100,"height":100,"style":"{}"},"editing":false,"relationEventInfo":[]}}],"relationCommandInfo":[],"trigger":"@PrePersist","editing":false}}]}}],"relationCommandInfo":[],"trigger":"@PrePersist","editing":false}}]}}],"relationCommandInfo":[],"trigger":"@PostUpdate","editing":false,"options":{"package":"bookRental","packagePath":"src/main/java/bookRental"}}}]},"from":"f2f685a0-eb77-e019-2d72-75b19eac7d45","to":"22f5c6d8-226c-1bbc-ac94-8c6c00502500","relationView":{"id":"d26fc8e7-6cf3-3af4-67a4-9bef174dcda0","style":"{\"arrow-start\":\"none\",\"arrow-end\":\"none\"}","value":"[[1268,396],[1268,444],[748,444],[748,172],[690,172]]","from":"f2f685a0-eb77-e019-2d72-75b19eac7d45","to":"22f5c6d8-226c-1bbc-ac94-8c6c00502500","needReconnect":true},"sourceMultiplicity":1,"targetMultiplicity":1}],"projectName":"BookRental"}